INBOUND_DATE,MATERIAL_NAME,PLANT_NAME,total_quantity
2023/11/03,MAT-0237,CHINA-WAREHOUSE,297.0
2023/11/07,MAT-0085,SINGAPORE-WAREHOUSE,23.375
2023/11/07,MAT-0116,SINGAPORE-WAREHOUSE,46.75
2023/11/07,MAT-0309,SINGAPORE-WAREHOUSE,49.5
2023/11/09,MAT-0009,CHINA-WAREHOUSE,62.4
2023/11/09,MAT-0332,CHINA-WAREHOUSE,160.0
2023/11/11,MAT-0229,CHINA-WAREHOUSE,247.5
2023/11/13,MAT-0007,CHINA-WAREHOUSE,93.5
2023/11/13,MAT-0099,CHINA-WAREHOUSE,123.75
2023/11/13,MAT-0273,SINGAPORE-WAREHOUSE,24.75
2023/11/13,MAT-0354,SINGAPORE-WAREHOUSE,24.75
2023/11/16,MAT-0068,SINGAPORE-WAREHOUSE,24.75
2023/11/18,MAT-0395,SINGAPORE-WAREHOUSE,148.5
2023/11/18,MAT-0345,SINGAPORE-WAREHOUSE,120.0
2023/11/18,MAT-0237,CHINA-WAREHOUSE,239.25
2023/11/18,MAT-0112,SINGAPORE-WAREHOUSE,247.5
2023/11/18,MAT-0099,CHINA-WAREHOUSE,148.5
2023/11/18,MAT-0062,SINGAPORE-WAREHOUSE,173.25
2023/11/18,MAT-0228,SINGAPORE-WAREHOUSE,198.0
2023/11/20,MAT-0413,SINGAPORE-WAREHOUSE,495.0
2023/11/22,MAT-0164,SINGAPORE-WAREHOUSE,46.75
2023/11/22,MAT-0207,SINGAPORE-WAREHOUSE,23.375
2023/11/22,MAT-0211,SINGAPORE-WAREHOUSE,24.75
2023/11/22,MAT-0218,SINGAPORE-WAREHOUSE,99.0
2023/11/22,MAT-0367,SINGAPORE-WAREHOUSE,24.75
2023/11/23,MAT-0421,SINGAPORE-WAREHOUSE,495.0
2023/11/23,MAT-0007,CHINA-WAREHOUSE,140.25
2023/11/23,MAT-0237,SINGAPORE-WAREHOUSE,742.5
2023/11/24,MAT-0193,CHINA-WAREHOUSE,157.08
2023/11/24,MAT-0332,CHINA-WAREHOUSE,200.0
2023/11/24,MAT-0009,CHINA-WAREHOUSE,166.4
2023/11/26,MAT-0413,SINGAPORE-WAREHOUSE,247.5
2023/11/29,MAT-0056,CHINA-WAREHOUSE,123.75
2023/11/30,MAT-0085,SINGAPORE-WAREHOUSE,49.5
2023/11/30,MAT-0237,SINGAPORE-WAREHOUSE,247.5
2023/11/30,MAT-0386,CHINA-WAREHOUSE,148.5
2023/12/01,MAT-0221,SINGAPORE-WAREHOUSE,90.0
2023/12/01,MAT-0009,CHINA-WAREHOUSE,124.8
2023/12/01,MAT-0099,CHINA-WAREHOUSE,24.75
2023/12/01,MAT-0303,SINGAPORE-WAREHOUSE,120.0
2023/12/01,MAT-0378,CHINA-WAREHOUSE,99.0
2023/12/02,MAT-0046,SINGAPORE-WAREHOUSE,99.0
2023/12/02,MAT-0210,SINGAPORE-WAREHOUSE,24.75
2023/12/02,MAT-0364,SINGAPORE-WAREHOUSE,24.75
2023/12/03,MAT-0017,CHINA-WAREHOUSE,120.0
2023/12/03,MAT-0332,CHINA-WAREHOUSE,1500.0
2023/12/03,MAT-0198,CHINA-WAREHOUSE,147.8
2023/12/03,MAT-0009,CHINA-WAREHOUSE,499.2
2023/12/03,MAT-0056,SINGAPORE-WAREHOUSE,123.75
2023/12/04,MAT-0046,CHINA-WAREHOUSE,246.375
2023/12/04,MAT-0198,CHINA-WAREHOUSE,49.5
2023/12/04,MAT-0332,CHINA-WAREHOUSE,80.0
2023/12/05,MAT-0378,CHINA-WAREHOUSE,93.5
2023/12/05,MAT-0062,SINGAPORE-WAREHOUSE,24.75
2023/12/05,MAT-0099,SINGAPORE-WAREHOUSE,247.5
2023/12/05,MAT-0112,CHINA-WAREHOUSE,148.5
2023/12/05,MAT-0112,SINGAPORE-WAREHOUSE,233.75
2023/12/05,MAT-0222,SINGAPORE-WAREHOUSE,148.5
2023/12/05,MAT-0413,SINGAPORE-WAREHOUSE,247.5
2023/12/07,MAT-0207,CHINA-WAREHOUSE,24.75
2023/12/07,MAT-0202,CHINA-WAREHOUSE,46.75
2023/12/07,MAT-0346,SINGAPORE-WAREHOUSE,420.75
2023/12/07,MAT-0112,CHINA-WAREHOUSE,297.0
2023/12/07,MAT-0056,CHINA-WAREHOUSE,371.25
2023/12/07,MAT-0162,CHINA-WAREHOUSE,24.75
2023/12/08,MAT-0056,SINGAPORE-WAREHOUSE,247.5
2023/12/08,MAT-0218,CHINA-WAREHOUSE,24.75
2023/12/08,MAT-0267,SINGAPORE-WAREHOUSE,49.5
2023/12/10,MAT-0009,CHINA-WAREHOUSE,20.799999999999997
2023/12/10,MAT-0332,CHINA-WAREHOUSE,40.0
2023/12/11,MAT-0109,SINGAPORE-WAREHOUSE,198.0
2023/12/11,MAT-0229,CHINA-WAREHOUSE,99.0
2023/12/13,MAT-0314,CHINA-WAREHOUSE,510.0
2023/12/13,MAT-0349,SINGAPORE-WAREHOUSE,74.25
2023/12/14,MAT-0413,SINGAPORE-WAREHOUSE,148.5
2023/12/15,MAT-0386,CHINA-WAREHOUSE,140.25
2023/12/15,MAT-0354,SINGAPORE-WAREHOUSE,23.375
2023/12/15,MAT-0305,SINGAPORE-WAREHOUSE,74.25
2023/12/15,MAT-0274,SINGAPORE-WAREHOUSE,46.75
2023/12/15,MAT-0099,SINGAPORE-WAREHOUSE,247.5
2023/12/15,MAT-0111,CHINA-WAREHOUSE,140.25
2023/12/16,MAT-0314,CHINA-WAREHOUSE,255.0
2023/12/16,MAT-0328,CHINA-WAREHOUSE,255.0
2023/12/17,MAT-0056,CHINA-WAREHOUSE,123.75
2023/12/17,MAT-0056,SINGAPORE-WAREHOUSE,123.75
2023/12/17,MAT-0084,CHINA-WAREHOUSE,148.5
2023/12/17,MAT-0270,CHINA-WAREHOUSE,255.0
2023/12/17,MAT-0314,CHINA-WAREHOUSE,76.5
2023/12/17,MAT-0321,CHINA-WAREHOUSE,297.0
2023/12/17,MAT-0328,CHINA-WAREHOUSE,255.0
2023/12/17,MAT-0375,CHINA-WAREHOUSE,76.5
2023/12/18,MAT-0415,SINGAPORE-WAREHOUSE,198.0
2023/12/18,MAT-0378,CHINA-WAREHOUSE,140.25
2023/12/18,MAT-0386,CHINA-WAREHOUSE,24.75
2023/12/18,MAT-0340,SINGAPORE-WAREHOUSE,470.25
2023/12/18,MAT-0180,CHINA-WAREHOUSE,46.75
2023/12/18,MAT-0346,SINGAPORE-WAREHOUSE,74.25
2023/12/19,MAT-0056,CHINA-WAREHOUSE,49.5
2023/12/19,MAT-0147,CHINA-WAREHOUSE,127.5
2023/12/19,MAT-0265,CHINA-WAREHOUSE,148.5
2023/12/19,MAT-0321,CHINA-WAREHOUSE,148.5
2023/12/21,MAT-0009,CHINA-WAREHOUSE,104.0
2023/12/21,MAT-0046,SINGAPORE-WAREHOUSE,99.0
2023/12/21,MAT-0135,SINGAPORE-WAREHOUSE,99.0
2023/12/21,MAT-0304,SINGAPORE-WAREHOUSE,22.5
2023/12/21,MAT-0332,CHINA-WAREHOUSE,280.0
2023/12/21,MAT-0344,SINGAPORE-WAREHOUSE,24.75
2023/12/21,MAT-0355,SINGAPORE-WAREHOUSE,49.5
2023/12/21,MAT-0430,CHINA-WAREHOUSE,24.75
2023/12/22,MAT-0386,CHINA-WAREHOUSE,148.5
2023/12/22,MAT-0413,SINGAPORE-WAREHOUSE,148.5
2023/12/22,MAT-0007,CHINA-WAREHOUSE,99.0
2023/12/23,MAT-0007,CHINA-WAREHOUSE,247.5
2023/12/23,MAT-0062,SINGAPORE-WAREHOUSE,198.0
2023/12/23,MAT-0105,SINGAPORE-WAREHOUSE,24.75
2023/12/23,MAT-0180,SINGAPORE-WAREHOUSE,74.25
2023/12/23,MAT-0198,CHINA-WAREHOUSE,197.225
2023/12/23,MAT-0267,SINGAPORE-WAREHOUSE,445.5
2023/12/23,MAT-0314,CHINA-WAREHOUSE,255.0
2023/12/23,MAT-0415,SINGAPORE-WAREHOUSE,198.0
2023/12/24,MAT-0302,SINGAPORE-WAREHOUSE,123.75
2023/12/26,MAT-0053,CHINA-WAREHOUSE,74.25
2023/12/26,MAT-0247,SINGAPORE-WAREHOUSE,247.5
2023/12/26,MAT-0265,CHINA-WAREHOUSE,445.5
2023/12/26,MAT-0317,CHINA-WAREHOUSE,148.5
2023/12/26,MAT-0321,CHINA-WAREHOUSE,148.5
2023/12/26,MAT-0353,CHINA-WAREHOUSE,148.5
2023/12/27,MAT-0353,CHINA-WAREHOUSE,148.5
2023/12/27,MAT-0379,CHINA-WAREHOUSE,297.0
2023/12/27,MAT-0323,CHINA-WAREHOUSE,24.0
2023/12/27,MAT-0391,CHINA-WAREHOUSE,24.75
2023/12/27,MAT-0195,CHINA-WAREHOUSE,147.825
2023/12/27,MAT-0097,CHINA-WAREHOUSE,148.5
2023/12/27,MAT-0072,SINGAPORE-WAREHOUSE,99.0
2023/12/27,MAT-0197,CHINA-WAREHOUSE,1.5
2023/12/28,MAT-0042,CHINA-WAREHOUSE,148.5
2023/12/28,MAT-0261,CHINA-WAREHOUSE,76.5
2023/12/28,MAT-0265,CHINA-WAREHOUSE,148.5
2023/12/28,MAT-0266,CHINA-WAREHOUSE,148.5
2023/12/28,MAT-0353,CHINA-WAREHOUSE,148.5
2023/12/28,MAT-0379,CHINA-WAREHOUSE,99.0
2023/12/29,MAT-0378,CHINA-WAREHOUSE,148.5
2023/12/29,MAT-0356,CHINA-WAREHOUSE,123.75
2023/12/29,MAT-0340,SINGAPORE-WAREHOUSE,24.75
2023/12/29,MAT-0397,CHINA-WAREHOUSE,25.5
2023/12/29,MAT-0115,SINGAPORE-WAREHOUSE,24.75
2023/12/29,MAT-0007,CHINA-WAREHOUSE,148.5
2023/12/29,MAT-0276,CHINA-WAREHOUSE,148.5
2023/12/30,MAT-0062,SINGAPORE-WAREHOUSE,198.0
2023/12/30,MAT-0066,SINGAPORE-WAREHOUSE,24.75
2023/12/30,MAT-0104,SINGAPORE-WAREHOUSE,24.75
2023/12/30,MAT-0174,SINGAPORE-WAREHOUSE,24.75
2023/12/30,MAT-0340,SINGAPORE-WAREHOUSE,742.5
2023/12/30,MAT-0413,CHINA-WAREHOUSE,148.5
2023/12/31,MAT-0379,CHINA-WAREHOUSE,99.0
2023/12/31,MAT-0322,CHINA-WAREHOUSE,99.0
2023/12/31,MAT-0319,CHINA-WAREHOUSE,148.5
2023/12/31,MAT-0234,SINGAPORE-WAREHOUSE,247.5
2023/12/31,MAT-0035,CHINA-WAREHOUSE,247.5
2023/12/31,MAT-0116,SINGAPORE-WAREHOUSE,74.25
2023/12/31,MAT-0085,SINGAPORE-WAREHOUSE,99.0
2023/12/31,MAT-0413,CHINA-WAREHOUSE,99.0
2023/12/31,MAT-0229,CHINA-WAREHOUSE,247.5
2024/01/01,MAT-0056,SINGAPORE-WAREHOUSE,123.75
2024/01/02,MAT-0366,SINGAPORE-WAREHOUSE,22.5
2024/01/03,MAT-0097,CHINA-WAREHOUSE,148.5
2024/01/03,MAT-0247,SINGAPORE-WAREHOUSE,321.75
2024/01/03,MAT-0264,CHINA-WAREHOUSE,148.5
2024/01/03,MAT-0265,CHINA-WAREHOUSE,297.0
2024/01/03,MAT-0302,SINGAPORE-WAREHOUSE,123.75
2024/01/04,MAT-0379,CHINA-WAREHOUSE,297.0
2024/01/04,MAT-0332,CHINA-WAREHOUSE,220.0
2024/01/04,MAT-0323,CHINA-WAREHOUSE,76.5
2024/01/04,MAT-0321,CHINA-WAREHOUSE,445.5
2024/01/04,MAT-0319,CHINA-WAREHOUSE,445.5
2024/01/04,MAT-0273,SINGAPORE-WAREHOUSE,49.5
2024/01/04,MAT-0261,CHINA-WAREHOUSE,178.5
2024/01/04,MAT-0037,SINGAPORE-WAREHOUSE,24.75
2024/01/05,MAT-0349,SINGAPORE-WAREHOUSE,74.25
2024/01/05,MAT-0413,CHINA-WAREHOUSE,148.5
2024/01/06,MAT-0413,CHINA-WAREHOUSE,148.5
2024/01/06,MAT-0382,CHINA-WAREHOUSE,148.5
2024/01/06,MAT-0354,CHINA-WAREHOUSE,49.5
2024/01/06,MAT-0221,SINGAPORE-WAREHOUSE,135.0
2024/01/06,MAT-0122,SINGAPORE-WAREHOUSE,37.5
2024/01/06,MAT-0345,SINGAPORE-WAREHOUSE,56.25
2024/01/07,MAT-0379,CHINA-WAREHOUSE,297.0
2024/01/07,MAT-0001,CHINA-WAREHOUSE,1708.5
2024/01/07,MAT-0055,CHINA-WAREHOUSE,24.75
2024/01/07,MAT-0146,CHINA-WAREHOUSE,445.5
2024/01/07,MAT-0174,CHINA-WAREHOUSE,24.75
2024/01/07,MAT-0211,SINGAPORE-WAREHOUSE,49.5
2024/01/07,MAT-0250,SINGAPORE-WAREHOUSE,24.75
2024/01/07,MAT-0317,CHINA-WAREHOUSE,148.5
2024/01/07,MAT-0319,CHINA-WAREHOUSE,297.0
2024/01/07,MAT-0321,CHINA-WAREHOUSE,148.5
2024/01/07,MAT-0353,CHINA-WAREHOUSE,148.5
2024/01/07,MAT-0375,CHINA-WAREHOUSE,51.0
2024/01/07,MAT-0428,CHINA-WAREHOUSE,148.5
2024/01/08,MAT-0056,SINGAPORE-WAREHOUSE,371.25
2024/01/08,MAT-0056,CHINA-WAREHOUSE,123.75
2024/01/09,MAT-0259,CHINA-WAREHOUSE,112.5
2024/01/10,MAT-0013,CHINA-WAREHOUSE,153.0
2024/01/10,MAT-0146,CHINA-WAREHOUSE,148.5
2024/01/10,MAT-0371,SINGAPORE-WAREHOUSE,210.0
2024/01/10,MAT-0389,CHINA-WAREHOUSE,892.5
2024/01/11,MAT-0328,CHINA-WAREHOUSE,102.0
2024/01/11,MAT-0301,SINGAPORE-WAREHOUSE,74.25
2024/01/11,MAT-0276,CHINA-WAREHOUSE,148.5
2024/01/11,MAT-0112,CHINA-WAREHOUSE,280.5
2024/01/11,MAT-0210,SINGAPORE-WAREHOUSE,123.75
2024/01/11,MAT-0339,CHINA-WAREHOUSE,25.5
2024/01/11,MAT-0032,CHINA-WAREHOUSE,153.0
2024/01/11,MAT-0007,CHINA-WAREHOUSE,148.5
2024/01/11,MAT-0066,CHINA-WAREHOUSE,74.25
2024/01/11,MAT-0065,SINGAPORE-WAREHOUSE,123.75
2024/01/12,MAT-0413,CHINA-WAREHOUSE,247.5
2024/01/12,MAT-0371,SINGAPORE-WAREHOUSE,147.0
2024/01/12,MAT-0270,CHINA-WAREHOUSE,76.5
2024/01/14,MAT-0265,CHINA-WAREHOUSE,297.0
2024/01/14,MAT-0371,SINGAPORE-WAREHOUSE,168.0
2024/01/14,MAT-0356,CHINA-WAREHOUSE,49.5
2024/01/14,MAT-0321,CHINA-WAREHOUSE,148.5
2024/01/14,MAT-0176,CHINA-WAREHOUSE,51.0
2024/01/14,MAT-0109,SINGAPORE-WAREHOUSE,74.25
2024/01/14,MAT-0142,CHINA-WAREHOUSE,204.0
2024/01/14,MAT-0097,CHINA-WAREHOUSE,74.25
2024/01/14,MAT-0067,CHINA-WAREHOUSE,24.75
2024/01/14,MAT-0147,CHINA-WAREHOUSE,76.5
2024/01/15,MAT-0067,SINGAPORE-WAREHOUSE,24.75
2024/01/15,MAT-0116,SINGAPORE-WAREHOUSE,24.75
2024/01/15,MAT-0413,CHINA-WAREHOUSE,99.0
2024/01/16,MAT-0268,CHINA-WAREHOUSE,229.5
2024/01/16,MAT-0316,CHINA-WAREHOUSE,148.5
2024/01/16,MAT-0332,CHINA-WAREHOUSE,7.0
2024/01/16,MAT-0335,SINGAPORE-WAREHOUSE,247.5
2024/01/16,MAT-0104,CHINA-WAREHOUSE,12.375
2024/01/16,MAT-0359,SINGAPORE-WAREHOUSE,49.5
2024/01/16,MAT-0388,CHINA-WAREHOUSE,99.0
2024/01/16,MAT-0390,SINGAPORE-WAREHOUSE,247.5
2024/01/16,MAT-0250,CHINA-WAREHOUSE,12.375
2024/01/16,MAT-0340,SINGAPORE-WAREHOUSE,247.5
2024/01/16,MAT-0234,SINGAPORE-WAREHOUSE,247.5
2024/01/16,MAT-0089,SINGAPORE-WAREHOUSE,24.75
2024/01/16,MAT-0207,SINGAPORE-WAREHOUSE,24.75
2024/01/16,MAT-0201,CHINA-WAREHOUSE,357.0
2024/01/16,MAT-0174,SINGAPORE-WAREHOUSE,49.5
2024/01/16,MAT-0146,CHINA-WAREHOUSE,148.5
2024/01/16,MAT-0145,CHINA-WAREHOUSE,510.0
2024/01/16,MAT-0111,CHINA-WAREHOUSE,99.0
2024/01/16,MAT-0105,SINGAPORE-WAREHOUSE,49.5
2024/01/16,MAT-0099,SINGAPORE-WAREHOUSE,148.5
2024/01/16,MAT-0211,SINGAPORE-WAREHOUSE,24.75
2024/01/17,MAT-0316,CHINA-WAREHOUSE,297.0
2024/01/17,MAT-0264,CHINA-WAREHOUSE,148.5
2024/01/17,MAT-0145,CHINA-WAREHOUSE,1020.0
2024/01/17,MAT-0144,CHINA-WAREHOUSE,510.0
2024/01/18,MAT-0097,CHINA-WAREHOUSE,148.5
2024/01/18,MAT-0268,CHINA-WAREHOUSE,102.0
2024/01/18,MAT-0325,CHINA-WAREHOUSE,148.5
2024/01/18,MAT-0373,CHINA-WAREHOUSE,16.5
2024/01/18,MAT-0382,CHINA-WAREHOUSE,148.5
2024/01/18,MAT-0386,CHINA-WAREHOUSE,23.375
2024/01/18,MAT-0390,CHINA-WAREHOUSE,297.0
2024/01/19,MAT-0321,CHINA-WAREHOUSE,148.5
2024/01/21,MAT-0335,SINGAPORE-WAREHOUSE,742.5
2024/01/21,MAT-0316,CHINA-WAREHOUSE,148.5
2024/01/21,MAT-0390,CHINA-WAREHOUSE,93.5
2024/01/21,MAT-0340,SINGAPORE-WAREHOUSE,247.5
2024/01/21,MAT-0304,SINGAPORE-WAREHOUSE,22.5
2024/01/21,MAT-0117,CHINA-WAREHOUSE,22.5
2024/01/21,MAT-0234,SINGAPORE-WAREHOUSE,247.5
2024/01/21,MAT-0218,CHINA-WAREHOUSE,23.375
2024/01/21,MAT-0273,SINGAPORE-WAREHOUSE,99.0
2024/01/21,MAT-0035,CHINA-WAREHOUSE,148.5
2024/01/22,MAT-0345,SINGAPORE-WAREHOUSE,18.75
2024/01/22,MAT-0318,CHINA-WAREHOUSE,148.5
2024/01/22,MAT-0316,CHINA-WAREHOUSE,148.5
2024/01/22,MAT-0303,SINGAPORE-WAREHOUSE,112.5
2024/01/22,MAT-0266,CHINA-WAREHOUSE,148.5
2024/01/22,MAT-0259,CHINA-WAREHOUSE,135.0
2024/01/22,MAT-0137,CHINA-WAREHOUSE,148.5
2024/01/22,MAT-0122,SINGAPORE-WAREHOUSE,37.5
2024/01/22,MAT-0049,CHINA-WAREHOUSE,74.25
2024/01/23,MAT-0428,CHINA-WAREHOUSE,198.0
2024/01/23,MAT-0382,CHINA-WAREHOUSE,148.5
2024/01/23,MAT-0356,SINGAPORE-WAREHOUSE,49.5
2024/01/23,MAT-0321,CHINA-WAREHOUSE,297.0
2024/01/23,MAT-0145,CHINA-WAREHOUSE,765.0
2024/01/23,MAT-0151,CHINA-WAREHOUSE,148.5
2024/01/23,MAT-0144,CHINA-WAREHOUSE,178.5
2024/01/23,MAT-0319,CHINA-WAREHOUSE,297.0
2024/01/24,MAT-0234,SINGAPORE-WAREHOUSE,222.75
2024/01/24,MAT-0390,CHINA-WAREHOUSE,148.5
2024/01/24,MAT-0382,CHINA-WAREHOUSE,297.0
2024/01/24,MAT-0335,SINGAPORE-WAREHOUSE,247.5
2024/01/24,MAT-0334,CHINA-WAREHOUSE,49.5
2024/01/24,MAT-0319,CHINA-WAREHOUSE,297.0
2024/01/24,MAT-0309,SINGAPORE-WAREHOUSE,49.5
2024/01/24,MAT-0276,CHINA-WAREHOUSE,116.875
2024/01/24,MAT-0211,SINGAPORE-WAREHOUSE,24.75
2024/01/24,MAT-0332,CHINA-WAREHOUSE,1800.0
2024/01/24,MAT-0164,SINGAPORE-WAREHOUSE,24.75
2024/01/24,MAT-0160,CHINA-WAREHOUSE,24.75
2024/01/24,MAT-0145,CHINA-WAREHOUSE,255.0
2024/01/24,MAT-0112,SINGAPORE-WAREHOUSE,247.5
2024/01/24,MAT-0207,SINGAPORE-WAREHOUSE,49.5
2024/01/24,MAT-0105,CHINA-WAREHOUSE,24.75
2024/01/24,MAT-0068,SINGAPORE-WAREHOUSE,123.75
2024/01/24,MAT-0035,CHINA-WAREHOUSE,247.5
2024/01/24,MAT-0007,CHINA-WAREHOUSE,148.5
2024/01/25,MAT-0413,CHINA-WAREHOUSE,198.0
2024/01/26,MAT-0056,SINGAPORE-WAREHOUSE,123.75
2024/01/27,MAT-0419,SINGAPORE-WAREHOUSE,123.75
2024/01/27,MAT-0374,SINGAPORE-WAREHOUSE,49.5
2024/01/27,MAT-0318,CHINA-WAREHOUSE,148.5
2024/01/27,MAT-0112,CHINA-WAREHOUSE,148.5
2024/01/27,MAT-0164,CHINA-WAREHOUSE,24.75
2024/01/27,MAT-0121,SINGAPORE-WAREHOUSE,99.0
2024/01/27,MAT-0202,CHINA-WAREHOUSE,24.75
2024/01/28,MAT-0332,CHINA-WAREHOUSE,600.0
2024/01/30,MAT-0316,CHINA-WAREHOUSE,445.5
2024/01/30,MAT-0374,CHINA-WAREHOUSE,49.5
2024/01/30,MAT-0382,CHINA-WAREHOUSE,148.5
2024/01/30,MAT-0270,CHINA-WAREHOUSE,255.0
2024/01/30,MAT-0145,CHINA-WAREHOUSE,178.5
2024/01/30,MAT-0236,CHINA-WAREHOUSE,99.0
2024/01/30,MAT-0153,CHINA-WAREHOUSE,594.0
2024/01/30,MAT-0049,CHINA-WAREHOUSE,148.5
2024/01/30,MAT-0265,CHINA-WAREHOUSE,148.5
2024/01/31,MAT-0176,CHINA-WAREHOUSE,127.5
2024/01/31,MAT-0303,SINGAPORE-WAREHOUSE,157.5
2024/01/31,MAT-0328,CHINA-WAREHOUSE,127.5
2024/01/31,MAT-0332,CHINA-WAREHOUSE,340.0
2024/02/01,MAT-0392,CHINA-WAREHOUSE,23.375
2024/02/01,MAT-0319,CHINA-WAREHOUSE,99.0
2024/02/01,MAT-0175,CHINA-WAREHOUSE,23.375
2024/02/01,MAT-0318,CHINA-WAREHOUSE,297.0
2024/02/02,MAT-0327,SINGAPORE-WAREHOUSE,71.5
2024/02/02,MAT-0386,CHINA-WAREHOUSE,24.75
2024/02/02,MAT-0382,CHINA-WAREHOUSE,297.0
2024/02/02,MAT-0380,CHINA-WAREHOUSE,93.5
2024/02/02,MAT-0323,CHINA-WAREHOUSE,255.0
2024/02/02,MAT-0112,CHINA-WAREHOUSE,148.5
2024/02/02,MAT-0112,SINGAPORE-WAREHOUSE,246.125
2024/02/02,MAT-0049,CHINA-WAREHOUSE,148.5
2024/02/02,MAT-0305,SINGAPORE-WAREHOUSE,49.5
2024/02/02,MAT-0104,SINGAPORE-WAREHOUSE,49.5
2024/02/03,MAT-0056,CHINA-WAREHOUSE,123.75
2024/02/03,MAT-0056,SINGAPORE-WAREHOUSE,247.5
2024/02/03,MAT-0247,SINGAPORE-WAREHOUSE,495.0
2024/02/03,MAT-0302,SINGAPORE-WAREHOUSE,222.75
2024/02/04,MAT-0150,CHINA-WAREHOUSE,49.5
2024/02/04,MAT-0197,CHINA-WAREHOUSE,1.5
2024/02/04,MAT-0316,CHINA-WAREHOUSE,297.0
2024/02/04,MAT-0318,CHINA-WAREHOUSE,148.5
2024/02/04,MAT-0388,CHINA-WAREHOUSE,74.25
2024/02/04,MAT-0049,CHINA-WAREHOUSE,148.5
2024/02/05,MAT-0382,CHINA-WAREHOUSE,148.5
2024/02/05,MAT-0265,CHINA-WAREHOUSE,148.5
2024/02/05,MAT-0328,CHINA-WAREHOUSE,510.0
2024/02/05,MAT-0268,CHINA-WAREHOUSE,25.5
2024/02/05,MAT-0198,CHINA-WAREHOUSE,123.45
2024/02/05,MAT-0097,CHINA-WAREHOUSE,148.5
2024/02/05,MAT-0032,CHINA-WAREHOUSE,484.5
2024/02/05,MAT-0150,CHINA-WAREHOUSE,178.5
2024/02/06,MAT-0049,CHINA-WAREHOUSE,148.5
2024/02/06,MAT-0312,CHINA-WAREHOUSE,255.0
2024/02/07,MAT-0145,CHINA-WAREHOUSE,255.0
2024/02/07,MAT-0319,CHINA-WAREHOUSE,99.0
2024/02/08,MAT-0388,CHINA-WAREHOUSE,148.5
2024/02/08,MAT-0367,SINGAPORE-WAREHOUSE,23.375
2024/02/08,MAT-0365,SINGAPORE-WAREHOUSE,22.5
2024/02/08,MAT-0353,CHINA-WAREHOUSE,99.0
2024/02/08,MAT-0328,CHINA-WAREHOUSE,255.0
2024/02/08,MAT-0322,CHINA-WAREHOUSE,297.0
2024/02/08,MAT-0316,CHINA-WAREHOUSE,148.5
2024/02/08,MAT-0296,SINGAPORE-WAREHOUSE,49.5
2024/02/08,MAT-0264,CHINA-WAREHOUSE,148.5
2024/02/08,MAT-0176,CHINA-WAREHOUSE,127.5
2024/02/08,MAT-0174,SINGAPORE-WAREHOUSE,93.5
2024/02/08,MAT-0153,CHINA-WAREHOUSE,297.0
2024/02/08,MAT-0143,CHINA-WAREHOUSE,153.0
2024/02/08,MAT-0106,SINGAPORE-WAREHOUSE,288.75
2024/02/08,MAT-0068,SINGAPORE-WAREHOUSE,46.75
2024/02/08,MAT-0013,CHINA-WAREHOUSE,280.5
2024/02/08,MAT-0007,CHINA-WAREHOUSE,93.5
2024/02/08,MAT-0243,SINGAPORE-WAREHOUSE,46.75
2024/02/09,MAT-0196,CHINA-WAREHOUSE,400.0
2024/02/09,MAT-0332,CHINA-WAREHOUSE,20.0
2024/02/10,MAT-0109,SINGAPORE-WAREHOUSE,123.75
2024/02/11,MAT-0413,CHINA-WAREHOUSE,123.75
2024/02/12,MAT-0340,SINGAPORE-WAREHOUSE,247.5
2024/02/12,MAT-0384,CHINA-WAREHOUSE,148.5
2024/02/13,MAT-0056,SINGAPORE-WAREHOUSE,371.25
2024/02/14,MAT-0322,CHINA-WAREHOUSE,742.5
2024/02/14,MAT-0153,CHINA-WAREHOUSE,297.0
2024/02/15,MAT-0085,SINGAPORE-WAREHOUSE,24.797
2024/02/15,MAT-0153,CHINA-WAREHOUSE,297.0
2024/02/15,MAT-0276,CHINA-WAREHOUSE,23.375
2024/02/15,MAT-0413,CHINA-WAREHOUSE,123.75
2024/02/16,MAT-0356,SINGAPORE-WAREHOUSE,24.75
2024/02/16,MAT-0379,CHINA-WAREHOUSE,148.5
2024/02/16,MAT-0354,CHINA-WAREHOUSE,24.75
2024/02/16,MAT-0335,SINGAPORE-WAREHOUSE,99.0
2024/02/16,MAT-0332,CHINA-WAREHOUSE,40.0
2024/02/16,MAT-0296,SINGAPORE-WAREHOUSE,74.25
2024/02/16,MAT-0268,CHINA-WAREHOUSE,99.0
2024/02/16,MAT-0234,SINGAPORE-WAREHOUSE,24.75
2024/02/16,MAT-0198,CHINA-WAREHOUSE,296.35
2024/02/16,MAT-0197,CHINA-WAREHOUSE,3.0
2024/02/16,MAT-0056,SINGAPORE-WAREHOUSE,123.75
2024/02/16,MAT-0143,CHINA-WAREHOUSE,229.5
2024/02/16,MAT-0046,SINGAPORE-WAREHOUSE,99.0
2024/02/16,MAT-0084,CHINA-WAREHOUSE,148.5
2024/02/16,MAT-0105,CHINA-WAREHOUSE,24.75
2024/02/16,MAT-0164,CHINA-WAREHOUSE,12.375
2024/02/16,MAT-0112,CHINA-WAREHOUSE,420.75
2024/02/16,MAT-0112,SINGAPORE-WAREHOUSE,247.5
2024/02/16,MAT-0142,CHINA-WAREHOUSE,204.0
2024/02/16,MAT-0106,CHINA-WAREHOUSE,12.375
2024/02/18,MAT-0084,CHINA-WAREHOUSE,148.5
2024/02/18,MAT-0164,SINGAPORE-WAREHOUSE,46.75
2024/02/18,MAT-0335,SINGAPORE-WAREHOUSE,247.5
2024/02/18,MAT-0354,SINGAPORE-WAREHOUSE,99.0
2024/02/18,MAT-0415,CHINA-WAREHOUSE,247.5
2024/02/19,MAT-0084,CHINA-WAREHOUSE,148.5
2024/02/19,MAT-0413,SINGAPORE-WAREHOUSE,148.632
2024/02/19,MAT-0056,CHINA-WAREHOUSE,123.75
2024/02/19,MAT-0056,SINGAPORE-WAREHOUSE,123.75
2024/02/20,MAT-0413,SINGAPORE-WAREHOUSE,49.544
2024/02/20,MAT-0011,CHINA-WAREHOUSE,74.25
2024/02/20,MAT-0085,SINGAPORE-WAREHOUSE,148.5
2024/02/20,MAT-0111,CHINA-WAREHOUSE,140.25
2024/02/20,MAT-0112,CHINA-WAREHOUSE,148.5
2024/02/20,MAT-0116,SINGAPORE-WAREHOUSE,24.772
2024/02/20,MAT-0174,SINGAPORE-WAREHOUSE,49.5
2024/02/20,MAT-0198,CHINA-WAREHOUSE,198.0
2024/02/20,MAT-0218,CHINA-WAREHOUSE,23.375
2024/02/20,MAT-0276,CHINA-WAREHOUSE,93.5
2024/02/20,MAT-0335,SINGAPORE-WAREHOUSE,247.5
2024/02/21,MAT-0322,CHINA-WAREHOUSE,148.5
2024/02/21,MAT-0319,CHINA-WAREHOUSE,445.5
2024/02/21,MAT-0084,CHINA-WAREHOUSE,297.0
2024/02/22,MAT-0379,CHINA-WAREHOUSE,148.5
2024/02/22,MAT-0319,CHINA-WAREHOUSE,445.5
2024/02/22,MAT-0121,SINGAPORE-WAREHOUSE,49.5
2024/02/22,MAT-0084,CHINA-WAREHOUSE,148.5
2024/02/22,MAT-0044,SINGAPORE-WAREHOUSE,123.75
2024/02/22,MAT-0053,CHINA-WAREHOUSE,74.25
2024/02/22,MAT-0046,CHINA-WAREHOUSE,148.475
2024/02/22,MAT-0065,SINGAPORE-WAREHOUSE,49.5
2024/02/23,MAT-0017,CHINA-WAREHOUSE,400.0
2024/02/23,MAT-0259,CHINA-WAREHOUSE,90.0
2024/02/24,MAT-0380,CHINA-WAREHOUSE,99.0
2024/02/24,MAT-0366,SINGAPORE-WAREHOUSE,67.5
2024/02/24,MAT-0413,CHINA-WAREHOUSE,99.088
2024/02/24,MAT-0056,SINGAPORE-WAREHOUSE,371.25
2024/02/24,MAT-0056,CHINA-WAREHOUSE,321.75
2024/02/24,MAT-0198,CHINA-WAREHOUSE,123.125
2024/02/24,MAT-0356,CHINA-WAREHOUSE,198.0
2024/02/25,MAT-0062,SINGAPORE-WAREHOUSE,247.5
2024/02/25,MAT-0084,CHINA-WAREHOUSE,297.0
2024/02/25,MAT-0104,SINGAPORE-WAREHOUSE,46.75
2024/02/25,MAT-0112,SINGAPORE-WAREHOUSE,741.125
2024/02/25,MAT-0164,SINGAPORE-WAREHOUSE,247.5
2024/02/25,MAT-0175,SINGAPORE-WAREHOUSE,49.5
2024/02/25,MAT-0218,SINGAPORE-WAREHOUSE,173.25
2024/02/25,MAT-0273,SINGAPORE-WAREHOUSE,74.25
2024/02/25,MAT-0288,SINGAPORE-WAREHOUSE,23.375
2024/02/25,MAT-0327,SINGAPORE-WAREHOUSE,49.5
2024/02/27,MAT-0174,CHINA-WAREHOUSE,24.75
2024/02/27,MAT-0174,SINGAPORE-WAREHOUSE,148.5
2024/02/27,MAT-0112,CHINA-WAREHOUSE,148.5
2024/02/27,MAT-0037,CHINA-WAREHOUSE,23.375
2024/02/28,MAT-0017,CHINA-WAREHOUSE,20.0
2024/02/28,MAT-0221,SINGAPORE-WAREHOUSE,67.5
2024/02/28,MAT-0332,CHINA-WAREHOUSE,200.0
2024/02/29,MAT-0145,CHINA-WAREHOUSE,408.0
2024/02/29,MAT-0317,CHINA-WAREHOUSE,148.5
2024/03/01,MAT-0395,SINGAPORE-WAREHOUSE,173.25
2024/03/01,MAT-0077,SINGAPORE-WAREHOUSE,46.8
2024/03/01,MAT-0228,SINGAPORE-WAREHOUSE,198.0
2024/03/01,MAT-0270,CHINA-WAREHOUSE,433.5
2024/03/01,MAT-0319,CHINA-WAREHOUSE,148.5
2024/03/02,MAT-0332,CHINA-WAREHOUSE,800.0
2024/03/02,MAT-0229,CHINA-WAREHOUSE,247.5
2024/03/02,MAT-0284,CHINA-WAREHOUSE,60.0
2024/03/02,MAT-0116,SINGAPORE-WAREHOUSE,148.632
2024/03/02,MAT-0017,CHINA-WAREHOUSE,360.0
2024/03/02,MAT-0122,SINGAPORE-WAREHOUSE,45.0
2024/03/03,MAT-0349,SINGAPORE-WAREHOUSE,148.5
2024/03/03,MAT-0419,SINGAPORE-WAREHOUSE,148.5
2024/03/03,MAT-0415,CHINA-WAREHOUSE,148.5
2024/03/03,MAT-0374,SINGAPORE-WAREHOUSE,173.25
2024/03/03,MAT-0276,CHINA-WAREHOUSE,148.5
2024/03/03,MAT-0375,CHINA-WAREHOUSE,229.5
2024/03/03,MAT-0174,CHINA-WAREHOUSE,24.75
2024/03/03,MAT-0112,CHINA-WAREHOUSE,140.25
2024/03/03,MAT-0068,SINGAPORE-WAREHOUSE,99.0
2024/03/03,MAT-0044,SINGAPORE-WAREHOUSE,123.75
2024/03/03,MAT-0234,SINGAPORE-WAREHOUSE,247.5
2024/03/04,MAT-0346,SINGAPORE-WAREHOUSE,99.0
2024/03/04,MAT-0309,SINGAPORE-WAREHOUSE,24.75
2024/03/04,MAT-0308,SINGAPORE-WAREHOUSE,173.25
2024/03/04,MAT-0112,SINGAPORE-WAREHOUSE,247.5
2024/03/04,MAT-0218,SINGAPORE-WAREHOUSE,247.5
2024/03/04,MAT-0037,SINGAPORE-WAREHOUSE,297.0
2024/03/04,MAT-0224,SINGAPORE-WAREHOUSE,99.0
2024/03/05,MAT-0379,CHINA-WAREHOUSE,148.5
2024/03/05,MAT-0319,CHINA-WAREHOUSE,148.5
2024/03/05,MAT-0318,CHINA-WAREHOUSE,148.5
2024/03/05,MAT-0321,CHINA-WAREHOUSE,594.0
2024/03/05,MAT-0145,CHINA-WAREHOUSE,229.5
2024/03/05,MAT-0086,CHINA-WAREHOUSE,49.5
2024/03/05,MAT-0049,CHINA-WAREHOUSE,198.0
2024/03/05,MAT-0316,CHINA-WAREHOUSE,297.0
2024/03/06,MAT-0304,SINGAPORE-WAREHOUSE,22.5
2024/03/07,MAT-0328,CHINA-WAREHOUSE,255.0
2024/03/07,MAT-0316,CHINA-WAREHOUSE,297.0
2024/03/07,MAT-0318,CHINA-WAREHOUSE,148.5
2024/03/07,MAT-0319,CHINA-WAREHOUSE,297.0
2024/03/07,MAT-0321,CHINA-WAREHOUSE,445.5
2024/03/07,MAT-0323,CHINA-WAREHOUSE,0.30000000000000004
2024/03/07,MAT-0345,SINGAPORE-WAREHOUSE,45.0
2024/03/07,MAT-0313,CHINA-WAREHOUSE,178.5
2024/03/07,MAT-0375,CHINA-WAREHOUSE,0.4
2024/03/07,MAT-0376,CHINA-WAREHOUSE,714.6
2024/03/07,MAT-0377,CHINA-WAREHOUSE,0.30000000000000004
2024/03/07,MAT-0382,CHINA-WAREHOUSE,594.0
2024/03/07,MAT-0388,CHINA-WAREHOUSE,148.5
2024/03/07,MAT-0428,CHINA-WAREHOUSE,148.5
2024/03/07,MAT-0353,CHINA-WAREHOUSE,297.0
2024/03/07,MAT-0312,CHINA-WAREHOUSE,0.30000000000000004
2024/03/07,MAT-0261,CHINA-WAREHOUSE,0.2
2024/03/07,MAT-0267,CHINA-WAREHOUSE,74.25
2024/03/07,MAT-0001,CHINA-WAREHOUSE,229.5
2024/03/07,MAT-0049,CHINA-WAREHOUSE,148.5
2024/03/07,MAT-0053,CHINA-WAREHOUSE,148.5
2024/03/07,MAT-0084,CHINA-WAREHOUSE,742.5
2024/03/07,MAT-0137,CHINA-WAREHOUSE,148.5
2024/03/07,MAT-0144,CHINA-WAREHOUSE,816.0
2024/03/07,MAT-0145,CHINA-WAREHOUSE,765.0
2024/03/07,MAT-0153,CHINA-WAREHOUSE,99.0
2024/03/07,MAT-0197,CHINA-WAREHOUSE,0.6000000000000001
2024/03/07,MAT-0233,CHINA-WAREHOUSE,21.7
2024/03/07,MAT-0268,CHINA-WAREHOUSE,0.4
2024/03/07,MAT-0264,CHINA-WAREHOUSE,594.0
2024/03/07,MAT-0265,CHINA-WAREHOUSE,1039.5
2024/03/07,MAT-0146,CHINA-WAREHOUSE,445.5
2024/03/08,MAT-0267,CHINA-WAREHOUSE,24.75
2024/03/09,MAT-0375,CHINA-WAREHOUSE,255.0
2024/03/09,MAT-0321,CHINA-WAREHOUSE,148.5
2024/03/09,MAT-0178,CHINA-WAREHOUSE,102.0
2024/03/09,MAT-0265,CHINA-WAREHOUSE,297.0
2024/03/11,MAT-0267,CHINA-WAREHOUSE,148.5
2024/03/11,MAT-0309,SINGAPORE-WAREHOUSE,99.0
2024/03/12,MAT-0085,CHINA-WAREHOUSE,148.632
2024/03/12,MAT-0116,CHINA-WAREHOUSE,49.544
2024/03/12,MAT-0206,CHINA-WAREHOUSE,21.25
2024/03/12,MAT-0319,CHINA-WAREHOUSE,148.5
2024/03/12,MAT-0358,CHINA-WAREHOUSE,1.5
2024/03/12,MAT-0382,CHINA-WAREHOUSE,148.5
2024/03/12,MAT-0413,CHINA-WAREHOUSE,148.60999999999999
2024/03/14,MAT-0237,SINGAPORE-WAREHOUSE,49.544
2024/03/14,MAT-0390,CHINA-WAREHOUSE,46.75
2024/03/14,MAT-0296,CHINA-WAREHOUSE,24.75
2024/03/14,MAT-0267,CHINA-WAREHOUSE,148.5
2024/03/14,MAT-0231,SINGAPORE-WAREHOUSE,99.0
2024/03/14,MAT-0156,CHINA-WAREHOUSE,247.5
2024/03/14,MAT-0112,CHINA-WAREHOUSE,148.5
2024/03/14,MAT-0107,CHINA-WAREHOUSE,24.7
2024/03/14,MAT-0015,CHINA-WAREHOUSE,148.5
2024/03/14,MAT-0002,CHINA-WAREHOUSE,148.5
2024/03/14,MAT-0231,CHINA-WAREHOUSE,24.75
2024/03/15,MAT-0340,SINGAPORE-WAREHOUSE,247.5
2024/03/15,MAT-0377,CHINA-WAREHOUSE,204.0
2024/03/15,MAT-0356,SINGAPORE-WAREHOUSE,24.75
2024/03/15,MAT-0356,CHINA-WAREHOUSE,140.25
2024/03/15,MAT-0275,SINGAPORE-WAREHOUSE,123.75
2024/03/15,MAT-0273,CHINA-WAREHOUSE,46.75
2024/03/15,MAT-0340,CHINA-WAREHOUSE,99.0
2024/03/15,MAT-0224,SINGAPORE-WAREHOUSE,99.0
2024/03/15,MAT-0144,CHINA-WAREHOUSE,357.0
2024/03/15,MAT-0111,CHINA-WAREHOUSE,49.5
2024/03/15,MAT-0107,CHINA-WAREHOUSE,11.7
2024/03/15,MAT-0104,SINGAPORE-WAREHOUSE,148.5
2024/03/15,MAT-0013,CHINA-WAREHOUSE,408.0
2024/03/15,MAT-0267,CHINA-WAREHOUSE,420.75
2024/03/16,MAT-0335,SINGAPORE-WAREHOUSE,247.5
2024/03/16,MAT-0332,CHINA-WAREHOUSE,400.0
2024/03/16,MAT-0296,SINGAPORE-WAREHOUSE,49.5
2024/03/16,MAT-0267,CHINA-WAREHOUSE,148.5
2024/03/16,MAT-0082,CHINA-WAREHOUSE,200.0
2024/03/16,MAT-0106,CHINA-WAREHOUSE,70.125
2024/03/16,MAT-0011,CHINA-WAREHOUSE,99.0
2024/03/16,MAT-0340,SINGAPORE-WAREHOUSE,495.0
2024/03/16,MAT-0247,SINGAPORE-WAREHOUSE,396.0
2024/03/17,MAT-0374,SINGAPORE-WAREHOUSE,74.25
2024/03/17,MAT-0374,CHINA-WAREHOUSE,49.5
2024/03/17,MAT-0419,SINGAPORE-WAREHOUSE,123.75
2024/03/17,MAT-0345,SINGAPORE-WAREHOUSE,67.5
2024/03/17,MAT-0109,SINGAPORE-WAREHOUSE,173.25
2024/03/17,MAT-0263,CHINA-WAREHOUSE,148.45
2024/03/17,MAT-0121,SINGAPORE-WAREHOUSE,74.25
2024/03/17,MAT-0303,SINGAPORE-WAREHOUSE,90.0
2024/03/18,MAT-0015,CHINA-WAREHOUSE,297.0
2024/03/18,MAT-0137,CHINA-WAREHOUSE,148.5
2024/03/18,MAT-0146,CHINA-WAREHOUSE,148.5
2024/03/18,MAT-0233,CHINA-WAREHOUSE,255.0
2024/03/18,MAT-0264,CHINA-WAREHOUSE,148.5
2024/03/18,MAT-0319,CHINA-WAREHOUSE,148.5
2024/03/18,MAT-0321,CHINA-WAREHOUSE,297.0
2024/03/18,MAT-0382,CHINA-WAREHOUSE,148.5
2024/03/18,MAT-0384,CHINA-WAREHOUSE,297.0
2024/03/18,MAT-0428,CHINA-WAREHOUSE,148.5
2024/03/19,MAT-0419,SINGAPORE-WAREHOUSE,49.5
2024/03/19,MAT-0413,SINGAPORE-WAREHOUSE,247.5
2024/03/19,MAT-0344,SINGAPORE-WAREHOUSE,49.5
2024/03/19,MAT-0121,SINGAPORE-WAREHOUSE,49.5
2024/03/19,MAT-0109,SINGAPORE-WAREHOUSE,148.5
2024/03/19,MAT-0046,SINGAPORE-WAREHOUSE,99.0
2024/03/19,MAT-0044,SINGAPORE-WAREHOUSE,49.5
2024/03/21,MAT-0415,CHINA-WAREHOUSE,148.5
2024/03/21,MAT-0339,CHINA-WAREHOUSE,25.5
2024/03/21,MAT-0237,SINGAPORE-WAREHOUSE,247.5
2024/03/21,MAT-0267,CHINA-WAREHOUSE,594.0
2024/03/21,MAT-0197,CHINA-WAREHOUSE,51.0
2024/03/21,MAT-0162,SINGAPORE-WAREHOUSE,24.75
2024/03/21,MAT-0002,CHINA-WAREHOUSE,148.5
2024/03/21,MAT-0233,CHINA-WAREHOUSE,510.0
2024/03/22,MAT-0335,SINGAPORE-WAREHOUSE,495.0
2024/03/22,MAT-0395,SINGAPORE-WAREHOUSE,198.0
2024/03/22,MAT-0404,SINGAPORE-WAREHOUSE,495.0
2024/03/22,MAT-0346,SINGAPORE-WAREHOUSE,247.5
2024/03/22,MAT-0340,SINGAPORE-WAREHOUSE,247.5
2024/03/22,MAT-0308,SINGAPORE-WAREHOUSE,49.5
2024/03/22,MAT-0062,SINGAPORE-WAREHOUSE,99.0
2024/03/22,MAT-0234,SINGAPORE-WAREHOUSE,742.5
2024/03/22,MAT-0228,SINGAPORE-WAREHOUSE,148.5
2024/03/22,MAT-0224,SINGAPORE-WAREHOUSE,99.0
2024/03/22,MAT-0112,SINGAPORE-WAREHOUSE,495.0
2024/03/22,MAT-0007,SINGAPORE-WAREHOUSE,74.25
2024/03/22,MAT-0243,SINGAPORE-WAREHOUSE,148.5
2024/03/23,MAT-0056,SINGAPORE-WAREHOUSE,371.25
2024/03/23,MAT-0268,CHINA-WAREHOUSE,510.0
2024/03/23,MAT-0393,CHINA-WAREHOUSE,99.0
2024/03/23,MAT-0413,CHINA-WAREHOUSE,297.0
2024/03/24,MAT-0395,SINGAPORE-WAREHOUSE,198.0
2024/03/24,MAT-0380,CHINA-WAREHOUSE,70.125
2024/03/24,MAT-0340,SINGAPORE-WAREHOUSE,742.5
2024/03/24,MAT-0335,SINGAPORE-WAREHOUSE,618.75
2024/03/24,MAT-0207,CHINA-WAREHOUSE,23.375
2024/03/24,MAT-0234,SINGAPORE-WAREHOUSE,123.75
2024/03/24,MAT-0106,SINGAPORE-WAREHOUSE,140.25
2024/03/24,MAT-0285,CHINA-WAREHOUSE,140.25
2024/03/25,MAT-0267,CHINA-WAREHOUSE,148.5
2024/03/25,MAT-0415,CHINA-WAREHOUSE,148.5
2024/03/25,MAT-0378,CHINA-WAREHOUSE,192.5
2024/03/25,MAT-0316,CHINA-WAREHOUSE,148.5
2024/03/25,MAT-0268,CHINA-WAREHOUSE,255.0
2024/03/25,MAT-0237,CHINA-WAREHOUSE,93.5
2024/03/25,MAT-0144,CHINA-WAREHOUSE,255.0
2024/03/25,MAT-0158,CHINA-WAREHOUSE,510.0
2024/03/25,MAT-0211,SINGAPORE-WAREHOUSE,294.25
2024/03/25,MAT-0089,SINGAPORE-WAREHOUSE,24.75
2024/03/25,MAT-0056,SINGAPORE-WAREHOUSE,123.75
2024/03/25,MAT-0015,CHINA-WAREHOUSE,148.5
2024/03/25,MAT-0007,CHINA-WAREHOUSE,148.5
2024/03/26,MAT-0404,SINGAPORE-WAREHOUSE,74.25
2024/03/26,MAT-0379,CHINA-WAREHOUSE,297.0
2024/03/26,MAT-0374,SINGAPORE-WAREHOUSE,147.4
2024/03/26,MAT-0345,SINGAPORE-WAREHOUSE,45.0
2024/03/26,MAT-0344,SINGAPORE-WAREHOUSE,49.5
2024/03/26,MAT-0327,SINGAPORE-WAREHOUSE,49.5
2024/03/26,MAT-0321,CHINA-WAREHOUSE,445.5
2024/03/26,MAT-0303,SINGAPORE-WAREHOUSE,67.5
2024/03/26,MAT-0231,SINGAPORE-WAREHOUSE,74.25
2024/03/26,MAT-0263,CHINA-WAREHOUSE,148.325
2024/03/26,MAT-0001,CHINA-WAREHOUSE,510.0
2024/03/26,MAT-0145,CHINA-WAREHOUSE,816.0
2024/03/26,MAT-0144,CHINA-WAREHOUSE,153.0
2024/03/26,MAT-0122,SINGAPORE-WAREHOUSE,45.0
2024/03/26,MAT-0082,CHINA-WAREHOUSE,200.0
2024/03/26,MAT-0044,SINGAPORE-WAREHOUSE,99.0
2024/03/26,MAT-0037,SINGAPORE-WAREHOUSE,123.75
2024/03/26,MAT-0017,CHINA-WAREHOUSE,20.0
2024/03/26,MAT-0158,CHINA-WAREHOUSE,102.0
2024/03/27,MAT-0056,SINGAPORE-WAREHOUSE,371.25
2024/03/27,MAT-0074,SINGAPORE-WAREHOUSE,222.75
2024/03/27,MAT-0082,CHINA-WAREHOUSE,160.0
2024/03/27,MAT-0116,SINGAPORE-WAREHOUSE,247.5
2024/03/27,MAT-0303,SINGAPORE-WAREHOUSE,112.5
2024/03/27,MAT-0316,CHINA-WAREHOUSE,148.5
2024/03/27,MAT-0332,CHINA-WAREHOUSE,3200.0
2024/03/28,MAT-0365,SINGAPORE-WAREHOUSE,18.75
2024/03/28,MAT-0303,SINGAPORE-WAREHOUSE,157.5
2024/03/28,MAT-0229,CHINA-WAREHOUSE,247.5
2024/03/28,MAT-0221,SINGAPORE-WAREHOUSE,112.5
2024/03/28,MAT-0188,CHINA-WAREHOUSE,247.5
2024/03/29,MAT-0056,SINGAPORE-WAREHOUSE,123.75
2024/03/29,MAT-0074,SINGAPORE-WAREHOUSE,148.5
2024/03/29,MAT-0116,CHINA-WAREHOUSE,148.5
2024/03/29,MAT-0116,SINGAPORE-WAREHOUSE,49.5
2024/03/29,MAT-0158,CHINA-WAREHOUSE,76.5
2024/03/29,MAT-0193,CHINA-WAREHOUSE,224.42600000000002
2024/03/29,MAT-0237,CHINA-WAREHOUSE,99.0
2024/03/29,MAT-0237,SINGAPORE-WAREHOUSE,144.375
2024/03/29,MAT-0265,CHINA-WAREHOUSE,297.0
2024/03/29,MAT-0319,CHINA-WAREHOUSE,148.5
2024/03/30,MAT-0335,SINGAPORE-WAREHOUSE,24.75
2024/03/30,MAT-0316,CHINA-WAREHOUSE,148.5
2024/03/30,MAT-0423,SINGAPORE-WAREHOUSE,24.75
2024/03/30,MAT-0162,SINGAPORE-WAREHOUSE,49.5
2024/03/30,MAT-0089,SINGAPORE-WAREHOUSE,24.75
2024/03/30,MAT-0231,SINGAPORE-WAREHOUSE,74.25
2024/03/31,MAT-0099,SINGAPORE-WAREHOUSE,123.75
2024/03/31,MAT-0162,SINGAPORE-WAREHOUSE,49.5
2024/03/31,MAT-0229,CHINA-WAREHOUSE,247.5
2024/03/31,MAT-0273,SINGAPORE-WAREHOUSE,99.0
2024/03/31,MAT-0411,SINGAPORE-WAREHOUSE,123.75
2024/03/31,MAT-0423,SINGAPORE-WAREHOUSE,148.5
2024/04/02,MAT-0202,CHINA-WAREHOUSE,74.25
2024/04/02,MAT-0211,SINGAPORE-WAREHOUSE,247.5
2024/04/02,MAT-0263,SINGAPORE-WAREHOUSE,247.5
2024/04/02,MAT-0267,CHINA-WAREHOUSE,519.75
2024/04/02,MAT-0356,CHINA-WAREHOUSE,99.0
2024/04/02,MAT-0340,CHINA-WAREHOUSE,99.0
2024/04/02,MAT-0386,CHINA-WAREHOUSE,24.75
2024/04/02,MAT-0355,SINGAPORE-WAREHOUSE,49.5
2024/04/02,MAT-0175,SINGAPORE-WAREHOUSE,99.0
2024/04/02,MAT-0273,CHINA-WAREHOUSE,74.25
2024/04/02,MAT-0175,CHINA-WAREHOUSE,46.75
2024/04/02,MAT-0011,CHINA-WAREHOUSE,49.5
2024/04/02,MAT-0165,CHINA-WAREHOUSE,24.75
2024/04/02,MAT-0002,CHINA-WAREHOUSE,123.75
2024/04/02,MAT-0007,CHINA-WAREHOUSE,123.75
2024/04/02,MAT-0037,CHINA-WAREHOUSE,24.75
2024/04/02,MAT-0055,CHINA-WAREHOUSE,363.0
2024/04/02,MAT-0171,SINGAPORE-WAREHOUSE,173.25
2024/04/02,MAT-0068,SINGAPORE-WAREHOUSE,148.5
2024/04/02,MAT-0111,CHINA-WAREHOUSE,99.0
2024/04/02,MAT-0164,CHINA-WAREHOUSE,24.75
2024/04/02,MAT-0068,CHINA-WAREHOUSE,24.75
2024/04/03,MAT-0382,CHINA-WAREHOUSE,594.0
2024/04/03,MAT-0316,CHINA-WAREHOUSE,297.0
2024/04/03,MAT-0268,CHINA-WAREHOUSE,255.0
2024/04/03,MAT-0270,CHINA-WAREHOUSE,229.5
2024/04/03,MAT-0056,CHINA-WAREHOUSE,74.25
2024/04/03,MAT-0001,CHINA-WAREHOUSE,255.0
2024/04/03,MAT-0153,CHINA-WAREHOUSE,891.0
2024/04/03,MAT-0144,CHINA-WAREHOUSE,255.0
2024/04/04,MAT-0379,CHINA-WAREHOUSE,148.5
2024/04/04,MAT-0084,CHINA-WAREHOUSE,297.0
2024/04/04,MAT-0142,CHINA-WAREHOUSE,255.0
2024/04/04,MAT-0144,CHINA-WAREHOUSE,255.0
2024/04/04,MAT-0264,CHINA-WAREHOUSE,594.0
2024/04/04,MAT-0270,CHINA-WAREHOUSE,51.0
2024/04/04,MAT-0319,CHINA-WAREHOUSE,148.5
2024/04/05,MAT-0318,CHINA-WAREHOUSE,99.0
2024/04/05,MAT-0144,CHINA-WAREHOUSE,255.0
2024/04/05,MAT-0265,CHINA-WAREHOUSE,445.5
2024/04/06,MAT-0413,CHINA-WAREHOUSE,148.5
2024/04/07,MAT-0415,CHINA-WAREHOUSE,594.0
2024/04/07,MAT-0164,SINGAPORE-WAREHOUSE,247.5
2024/04/07,MAT-0225,SINGAPORE-WAREHOUSE,24.75
2024/04/07,MAT-0247,SINGAPORE-WAREHOUSE,346.5
2024/04/07,MAT-0275,SINGAPORE-WAREHOUSE,24.75
2024/04/07,MAT-0302,SINGAPORE-WAREHOUSE,247.5
2024/04/07,MAT-0336,SINGAPORE-WAREHOUSE,148.5
2024/04/07,MAT-0354,SINGAPORE-WAREHOUSE,116.875
2024/04/09,MAT-0367,SINGAPORE-WAREHOUSE,49.5
2024/04/09,MAT-0229,CHINA-WAREHOUSE,247.5
2024/04/09,MAT-0171,SINGAPORE-WAREHOUSE,173.25
2024/04/09,MAT-0046,SINGAPORE-WAREHOUSE,99.0
2024/04/09,MAT-0012,SINGAPORE-WAREHOUSE,198.0
2024/04/09,MAT-0037,SINGAPORE-WAREHOUSE,148.5
2024/04/10,MAT-0320,SINGAPORE-WAREHOUSE,24.75
2024/04/10,MAT-0319,CHINA-WAREHOUSE,297.0
2024/04/10,MAT-0321,CHINA-WAREHOUSE,148.5
2024/04/10,MAT-0309,SINGAPORE-WAREHOUSE,99.0
2024/04/10,MAT-0379,CHINA-WAREHOUSE,148.5
2024/04/10,MAT-0382,CHINA-WAREHOUSE,148.5
2024/04/10,MAT-0384,CHINA-WAREHOUSE,123.75
2024/04/10,MAT-0334,SINGAPORE-WAREHOUSE,24.75
2024/04/10,MAT-0304,SINGAPORE-WAREHOUSE,22.5
2024/04/10,MAT-0423,SINGAPORE-WAREHOUSE,24.75
2024/04/10,MAT-0197,CHINA-WAREHOUSE,637.5
2024/04/10,MAT-0011,SINGAPORE-WAREHOUSE,49.5
2024/04/10,MAT-0049,CHINA-WAREHOUSE,148.5
2024/04/10,MAT-0053,CHINA-WAREHOUSE,148.5
2024/04/10,MAT-0068,SINGAPORE-WAREHOUSE,148.5
2024/04/10,MAT-0268,CHINA-WAREHOUSE,102.0
2024/04/10,MAT-0145,CHINA-WAREHOUSE,1402.5
2024/04/10,MAT-0165,SINGAPORE-WAREHOUSE,594.0
2024/04/10,MAT-0084,CHINA-WAREHOUSE,148.5
2024/04/10,MAT-0146,CHINA-WAREHOUSE,148.5
2024/04/11,MAT-0084,CHINA-WAREHOUSE,148.5
2024/04/11,MAT-0379,CHINA-WAREHOUSE,297.0
2024/04/11,MAT-0388,CHINA-WAREHOUSE,445.5
2024/04/12,MAT-0056,SINGAPORE-WAREHOUSE,123.75
2024/04/12,MAT-0229,CHINA-WAREHOUSE,247.5
2024/04/13,MAT-0308,SINGAPORE-WAREHOUSE,140.25
2024/04/13,MAT-0415,CHINA-WAREHOUSE,594.0
2024/04/14,MAT-0415,SINGAPORE-WAREHOUSE,247.5
2024/04/14,MAT-0356,SINGAPORE-WAREHOUSE,24.75
2024/04/14,MAT-0356,CHINA-WAREHOUSE,140.25
2024/04/14,MAT-0335,SINGAPORE-WAREHOUSE,247.5
2024/04/14,MAT-0327,SINGAPORE-WAREHOUSE,116.875
2024/04/14,MAT-0296,SINGAPORE-WAREHOUSE,148.5
2024/04/14,MAT-0243,SINGAPORE-WAREHOUSE,123.75
2024/04/14,MAT-0225,SINGAPORE-WAREHOUSE,173.25
2024/04/14,MAT-0165,SINGAPORE-WAREHOUSE,148.5
2024/04/14,MAT-0164,SINGAPORE-WAREHOUSE,495.0
2024/04/14,MAT-0156,SINGAPORE-WAREHOUSE,148.5
2024/04/14,MAT-0145,CHINA-WAREHOUSE,510.0
2024/04/14,MAT-0112,SINGAPORE-WAREHOUSE,247.5
2024/04/14,MAT-0112,CHINA-WAREHOUSE,148.5
2024/04/14,MAT-0037,SINGAPORE-WAREHOUSE,74.25
2024/04/14,MAT-0207,SINGAPORE-WAREHOUSE,46.75
2024/04/15,MAT-0207,SINGAPORE-WAREHOUSE,173.25
2024/04/15,MAT-0259,CHINA-WAREHOUSE,90.0
2024/04/15,MAT-0267,CHINA-WAREHOUSE,24.75
2024/04/15,MAT-0380,CHINA-WAREHOUSE,24.75
2024/04/16,MAT-0413,SINGAPORE-WAREHOUSE,173.25
2024/04/16,MAT-0355,SINGAPORE-WAREHOUSE,49.5
2024/04/16,MAT-0344,SINGAPORE-WAREHOUSE,74.25
2024/04/16,MAT-0056,SINGAPORE-WAREHOUSE,99.0
2024/04/18,MAT-0332,CHINA-WAREHOUSE,120.0
2024/04/19,MAT-0056,CHINA-WAREHOUSE,123.75
2024/04/19,MAT-0056,SINGAPORE-WAREHOUSE,123.75
2024/04/19,MAT-0145,CHINA-WAREHOUSE,255.0
2024/04/19,MAT-0400,CHINA-WAREHOUSE,99.0
2024/04/20,MAT-0345,SINGAPORE-WAREHOUSE,67.5
2024/04/20,MAT-0303,SINGAPORE-WAREHOUSE,135.0
2024/04/20,MAT-0221,SINGAPORE-WAREHOUSE,135.0
2024/04/20,MAT-0182,SINGAPORE-WAREHOUSE,22.5
2024/04/20,MAT-0122,SINGAPORE-WAREHOUSE,45.0
2024/04/20,MAT-0073,SINGAPORE-WAREHOUSE,105.0
2024/04/21,MAT-0415,SINGAPORE-WAREHOUSE,198.0
2024/04/21,MAT-0415,CHINA-WAREHOUSE,445.5
2024/04/21,MAT-0399,CHINA-WAREHOUSE,148.5
2024/04/21,MAT-0393,CHINA-WAREHOUSE,99.0
2024/04/21,MAT-0340,SINGAPORE-WAREHOUSE,247.5
2024/04/21,MAT-0320,SINGAPORE-WAREHOUSE,396.0
2024/04/21,MAT-0112,CHINA-WAREHOUSE,445.5
2024/04/21,MAT-0156,CHINA-WAREHOUSE,148.5
2024/04/21,MAT-0112,SINGAPORE-WAREHOUSE,495.0
2024/04/21,MAT-0099,SINGAPORE-WAREHOUSE,247.5
2024/04/21,MAT-0092,CHINA-WAREHOUSE,148.5
2024/04/21,MAT-0051,SINGAPORE-WAREHOUSE,990.0
2024/04/21,MAT-0309,SINGAPORE-WAREHOUSE,99.0
2024/04/22,MAT-0268,CHINA-WAREHOUSE,510.0
2024/04/22,MAT-0399,CHINA-WAREHOUSE,148.5
2024/04/22,MAT-0382,CHINA-WAREHOUSE,445.5
2024/04/22,MAT-0354,CHINA-WAREHOUSE,46.75
2024/04/22,MAT-0340,SINGAPORE-WAREHOUSE,247.5
2024/04/22,MAT-0400,CHINA-WAREHOUSE,148.5
2024/04/22,MAT-0158,CHINA-WAREHOUSE,25.5
2024/04/22,MAT-0153,CHINA-WAREHOUSE,742.5
2024/04/22,MAT-0174,SINGAPORE-WAREHOUSE,247.5
2024/04/22,MAT-0092,CHINA-WAREHOUSE,148.5
2024/04/22,MAT-0145,CHINA-WAREHOUSE,510.0
2024/04/22,MAT-0146,CHINA-WAREHOUSE,445.5
2024/04/22,MAT-0143,CHINA-WAREHOUSE,255.0
2024/04/24,MAT-0404,SINGAPORE-WAREHOUSE,247.5
2024/04/24,MAT-0390,SINGAPORE-WAREHOUSE,297.0
2024/04/24,MAT-0340,SINGAPORE-WAREHOUSE,247.5
2024/04/24,MAT-0309,SINGAPORE-WAREHOUSE,74.25
2024/04/24,MAT-0243,SINGAPORE-WAREHOUSE,99.0
2024/04/24,MAT-0291,CHINA-WAREHOUSE,24.75
2024/04/24,MAT-0165,CHINA-WAREHOUSE,46.75
2024/04/24,MAT-0062,SINGAPORE-WAREHOUSE,173.25
2024/04/24,MAT-0012,SINGAPORE-WAREHOUSE,198.0
2024/04/24,MAT-0007,CHINA-WAREHOUSE,99.0
2024/04/24,MAT-0174,SINGAPORE-WAREHOUSE,123.75
2024/04/26,MAT-0321,CHINA-WAREHOUSE,148.5
2024/04/26,MAT-0400,CHINA-WAREHOUSE,222.75
2024/04/26,MAT-0350,CHINA-WAREHOUSE,25.5
2024/04/26,MAT-0413,CHINA-WAREHOUSE,272.25
2024/04/26,MAT-0315,CHINA-WAREHOUSE,99.0
2024/04/26,MAT-0178,CHINA-WAREHOUSE,204.0
2024/04/26,MAT-0229,CHINA-WAREHOUSE,247.5
2024/04/26,MAT-0099,SINGAPORE-WAREHOUSE,247.5
2024/04/26,MAT-0233,CHINA-WAREHOUSE,255.0
2024/04/26,MAT-0092,CHINA-WAREHOUSE,297.0
2024/04/27,MAT-0229,CHINA-WAREHOUSE,346.5
2024/04/27,MAT-0077,SINGAPORE-WAREHOUSE,93.6
2024/04/27,MAT-0135,SINGAPORE-WAREHOUSE,49.5
2024/04/27,MAT-0210,SINGAPORE-WAREHOUSE,49.5
2024/04/28,MAT-0340,SINGAPORE-WAREHOUSE,495.0
2024/04/28,MAT-0104,SINGAPORE-WAREHOUSE,187.0
2024/04/28,MAT-0400,CHINA-WAREHOUSE,148.5
2024/04/28,MAT-0263,SINGAPORE-WAREHOUSE,24.75
2024/04/28,MAT-0056,CHINA-WAREHOUSE,247.5
2024/04/28,MAT-0071,SINGAPORE-WAREHOUSE,247.5
2024/04/28,MAT-0112,SINGAPORE-WAREHOUSE,495.0
2024/04/29,MAT-0110,SINGAPORE-WAREHOUSE,22.5
2024/04/29,MAT-0143,CHINA-WAREHOUSE,178.5
2024/04/29,MAT-0233,CHINA-WAREHOUSE,255.0
2024/04/29,MAT-0261,CHINA-WAREHOUSE,280.5
2024/04/29,MAT-0339,CHINA-WAREHOUSE,25.5
2024/04/29,MAT-0382,CHINA-WAREHOUSE,445.5
2024/04/30,MAT-0400,CHINA-WAREHOUSE,49.5
2024/05/01,MAT-0319,CHINA-WAREHOUSE,148.5
2024/05/01,MAT-0266,CHINA-WAREHOUSE,148.5
2024/05/01,MAT-0281,CHINA-WAREHOUSE,22.5
2024/05/01,MAT-0247,SINGAPORE-WAREHOUSE,297.0
2024/05/01,MAT-0001,CHINA-WAREHOUSE,102.0
2024/05/01,MAT-0261,CHINA-WAREHOUSE,510.0
2024/05/02,MAT-0158,CHINA-WAREHOUSE,102.0
2024/05/02,MAT-0233,CHINA-WAREHOUSE,127.5
2024/05/02,MAT-0319,CHINA-WAREHOUSE,297.0
2024/05/02,MAT-0364,SINGAPORE-WAREHOUSE,24.75
2024/05/03,MAT-0001,CHINA-WAREHOUSE,255.0
2024/05/03,MAT-0056,SINGAPORE-WAREHOUSE,123.75
2024/05/03,MAT-0092,CHINA-WAREHOUSE,148.5
2024/05/03,MAT-0144,CHINA-WAREHOUSE,204.0
2024/05/03,MAT-0389,CHINA-WAREHOUSE,255.0
2024/05/03,MAT-0413,CHINA-WAREHOUSE,24.75
2024/05/03,MAT-0415,CHINA-WAREHOUSE,148.5
2024/05/03,MAT-0424,SINGAPORE-WAREHOUSE,99.0
2024/05/04,MAT-0145,CHINA-WAREHOUSE,255.0
2024/05/04,MAT-0116,CHINA-WAREHOUSE,49.5
2024/05/04,MAT-0137,CHINA-WAREHOUSE,297.0
2024/05/05,MAT-0092,CHINA-WAREHOUSE,148.5
2024/05/05,MAT-0112,SINGAPORE-WAREHOUSE,495.0
2024/05/05,MAT-0335,SINGAPORE-WAREHOUSE,976.25
2024/05/05,MAT-0340,SINGAPORE-WAREHOUSE,495.0
2024/05/05,MAT-0354,SINGAPORE-WAREHOUSE,116.875
2024/05/06,MAT-0301,SINGAPORE-WAREHOUSE,49.5
2024/05/06,MAT-0374,SINGAPORE-WAREHOUSE,396.0
2024/05/06,MAT-0356,SINGAPORE-WAREHOUSE,99.0
2024/05/06,MAT-0356,CHINA-WAREHOUSE,93.5
2024/05/06,MAT-0335,SINGAPORE-WAREHOUSE,247.5
2024/05/06,MAT-0327,SINGAPORE-WAREHOUSE,99.0
2024/05/06,MAT-0319,CHINA-WAREHOUSE,148.5
2024/05/06,MAT-0314,CHINA-WAREHOUSE,1020.0
2024/05/06,MAT-0302,SINGAPORE-WAREHOUSE,148.5
2024/05/06,MAT-0261,CHINA-WAREHOUSE,255.0
2024/05/06,MAT-0056,SINGAPORE-WAREHOUSE,371.25
2024/05/06,MAT-0174,SINGAPORE-WAREHOUSE,198.0
2024/05/06,MAT-0144,CHINA-WAREHOUSE,255.0
2024/05/06,MAT-0112,CHINA-WAREHOUSE,445.5
2024/05/06,MAT-0106,SINGAPORE-WAREHOUSE,198.0
2024/05/06,MAT-0104,SINGAPORE-WAREHOUSE,148.5
2024/05/06,MAT-0092,CHINA-WAREHOUSE,148.5
2024/05/06,MAT-0072,SINGAPORE-WAREHOUSE,123.75
2024/05/06,MAT-0210,SINGAPORE-WAREHOUSE,74.25
2024/05/06,MAT-0001,CHINA-WAREHOUSE,255.0
2024/05/07,MAT-0321,CHINA-WAREHOUSE,148.5
2024/05/07,MAT-0229,CHINA-WAREHOUSE,24.75
2024/05/07,MAT-0415,CHINA-WAREHOUSE,123.75
2024/05/07,MAT-0145,CHINA-WAREHOUSE,510.0
2024/05/07,MAT-0001,CHINA-WAREHOUSE,255.0
2024/05/07,MAT-0197,CHINA-WAREHOUSE,25.5
2024/05/08,MAT-0356,CHINA-WAREHOUSE,148.5
2024/05/08,MAT-0246,CHINA-WAREHOUSE,74.25
2024/05/08,MAT-0413,CHINA-WAREHOUSE,147.925
2024/05/08,MAT-0327,CHINA-WAREHOUSE,74.25
2024/05/08,MAT-0055,CHINA-WAREHOUSE,247.5
2024/05/08,MAT-0092,CHINA-WAREHOUSE,445.5
2024/05/08,MAT-0285,CHINA-WAREHOUSE,99.0
2024/05/09,MAT-0086,CHINA-WAREHOUSE,99.0
2024/05/09,MAT-0144,CHINA-WAREHOUSE,76.5
2024/05/09,MAT-0145,CHINA-WAREHOUSE,535.5
2024/05/09,MAT-0319,CHINA-WAREHOUSE,445.5
2024/05/09,MAT-0322,CHINA-WAREHOUSE,297.0
2024/05/09,MAT-0325,CHINA-WAREHOUSE,148.5
2024/05/09,MAT-0379,CHINA-WAREHOUSE,222.75
2024/05/09,MAT-0388,CHINA-WAREHOUSE,74.25
2024/05/10,MAT-0417,CHINA-WAREHOUSE,37.7
2024/05/10,MAT-0413,CHINA-WAREHOUSE,197.575
2024/05/10,MAT-0322,CHINA-WAREHOUSE,297.0
2024/05/10,MAT-0303,SINGAPORE-WAREHOUSE,112.5
2024/05/10,MAT-0210,SINGAPORE-WAREHOUSE,74.25
2024/05/10,MAT-0188,CHINA-WAREHOUSE,198.0
2024/05/10,MAT-0175,SINGAPORE-WAREHOUSE,99.0
2024/05/10,MAT-0052,CHINA-WAREHOUSE,151.2
2024/05/10,MAT-0229,CHINA-WAREHOUSE,24.75
2024/05/11,MAT-0056,SINGAPORE-WAREHOUSE,123.75
2024/05/11,MAT-0084,CHINA-WAREHOUSE,99.0
2024/05/11,MAT-0092,CHINA-WAREHOUSE,148.5
2024/05/11,MAT-0321,CHINA-WAREHOUSE,198.0
2024/05/11,MAT-0392,SINGAPORE-WAREHOUSE,24.75
2024/05/12,MAT-0304,SINGAPORE-WAREHOUSE,22.5
2024/05/12,MAT-0366,SINGAPORE-WAREHOUSE,22.5
2024/05/13,MAT-0056,CHINA-WAREHOUSE,123.75
2024/05/14,MAT-0389,CHINA-WAREHOUSE,255.0
2024/05/14,MAT-0201,CHINA-WAREHOUSE,204.0
2024/05/14,MAT-0400,CHINA-WAREHOUSE,1138.5
2024/05/14,MAT-0399,CHINA-WAREHOUSE,297.0
2024/05/14,MAT-0356,CHINA-WAREHOUSE,99.0
2024/05/14,MAT-0112,CHINA-WAREHOUSE,445.5
2024/05/14,MAT-0167,SINGAPORE-WAREHOUSE,24.75
2024/05/14,MAT-0327,CHINA-WAREHOUSE,74.25
2024/05/14,MAT-0092,CHINA-WAREHOUSE,148.5
2024/05/15,MAT-0056,SINGAPORE-WAREHOUSE,247.5
2024/05/15,MAT-0400,CHINA-WAREHOUSE,49.5
2024/05/15,MAT-0413,CHINA-WAREHOUSE,148.5
2024/05/16,MAT-0001,CHINA-WAREHOUSE,229.5
2024/05/16,MAT-0049,CHINA-WAREHOUSE,123.75
2024/05/16,MAT-0053,CHINA-WAREHOUSE,247.5
2024/05/16,MAT-0197,CHINA-WAREHOUSE,765.0
2024/05/16,MAT-0319,CHINA-WAREHOUSE,148.5
2024/05/16,MAT-0321,CHINA-WAREHOUSE,1336.5
2024/05/17,MAT-0321,CHINA-WAREHOUSE,148.5
2024/05/17,MAT-0413,SINGAPORE-WAREHOUSE,247.5
2024/05/17,MAT-0158,CHINA-WAREHOUSE,51.0
2024/05/17,MAT-0233,CHINA-WAREHOUSE,25.5
2024/05/18,MAT-0390,CHINA-WAREHOUSE,99.0
2024/05/18,MAT-0374,CHINA-WAREHOUSE,49.325
2024/05/18,MAT-0316,CHINA-WAREHOUSE,148.5
2024/05/18,MAT-0243,SINGAPORE-WAREHOUSE,49.5
2024/05/18,MAT-0221,SINGAPORE-WAREHOUSE,67.5
2024/05/18,MAT-0142,CHINA-WAREHOUSE,331.5
2024/05/18,MAT-0112,CHINA-WAREHOUSE,297.0
2024/05/18,MAT-0092,CHINA-WAREHOUSE,148.5
2024/05/18,MAT-0072,SINGAPORE-WAREHOUSE,74.25
2024/05/18,MAT-0044,SINGAPORE-WAREHOUSE,99.0
2024/05/18,MAT-0001,CHINA-WAREHOUSE,255.0
2024/05/18,MAT-0122,SINGAPORE-WAREHOUSE,45.0
2024/05/19,MAT-0424,SINGAPORE-WAREHOUSE,198.0
2024/05/19,MAT-0400,CHINA-WAREHOUSE,148.5
2024/05/19,MAT-0309,SINGAPORE-WAREHOUSE,74.25
2024/05/19,MAT-0305,SINGAPORE-WAREHOUSE,247.5
2024/05/19,MAT-0071,SINGAPORE-WAREHOUSE,346.5
2024/05/19,MAT-0068,SINGAPORE-WAREHOUSE,49.5
2024/05/19,MAT-0011,SINGAPORE-WAREHOUSE,148.5
2024/05/19,MAT-0184,SINGAPORE-WAREHOUSE,668.25
2024/05/20,MAT-0056,CHINA-WAREHOUSE,123.75
2024/05/20,MAT-0056,SINGAPORE-WAREHOUSE,247.5
2024/05/20,MAT-0328,CHINA-WAREHOUSE,408.0
2024/05/20,MAT-0413,CHINA-WAREHOUSE,148.5
2024/05/21,MAT-0056,CHINA-WAREHOUSE,247.5
2024/05/21,MAT-0399,CHINA-WAREHOUSE,148.5
2024/05/21,MAT-0400,CHINA-WAREHOUSE,148.5
2024/05/22,MAT-0344,SINGAPORE-WAREHOUSE,74.25
2024/05/22,MAT-0197,CHINA-WAREHOUSE,25.5
2024/05/22,MAT-0321,CHINA-WAREHOUSE,297.0
2024/05/22,MAT-0145,CHINA-WAREHOUSE,255.0
2024/05/22,MAT-0044,SINGAPORE-WAREHOUSE,123.75
2024/05/22,MAT-0193,CHINA-WAREHOUSE,224.53
2024/05/23,MAT-0056,SINGAPORE-WAREHOUSE,371.25
2024/05/23,MAT-0082,CHINA-WAREHOUSE,200.0
2024/05/23,MAT-0092,CHINA-WAREHOUSE,148.5
2024/05/23,MAT-0112,CHINA-WAREHOUSE,297.0
2024/05/23,MAT-0392,CHINA-WAREHOUSE,24.75
2024/05/23,MAT-0399,CHINA-WAREHOUSE,148.5
2024/05/24,MAT-0390,CHINA-WAREHOUSE,99.0
2024/05/24,MAT-0007,CHINA-WAREHOUSE,49.5
2024/05/24,MAT-0071,SINGAPORE-WAREHOUSE,247.5
2024/05/24,MAT-0092,CHINA-WAREHOUSE,445.5
2024/05/24,MAT-0275,SINGAPORE-WAREHOUSE,495.0
2024/05/24,MAT-0335,SINGAPORE-WAREHOUSE,247.5
2024/05/24,MAT-0399,CHINA-WAREHOUSE,445.5
2024/05/25,MAT-0321,CHINA-WAREHOUSE,297.0
2024/05/25,MAT-0325,CHINA-WAREHOUSE,74.25
2024/05/25,MAT-0101,CHINA-WAREHOUSE,49.5
2024/05/25,MAT-0145,CHINA-WAREHOUSE,255.0
2024/05/25,MAT-0084,CHINA-WAREHOUSE,148.5
2024/05/25,MAT-0053,CHINA-WAREHOUSE,123.75
2024/05/25,MAT-0049,CHINA-WAREHOUSE,123.75
2024/05/26,MAT-0065,CHINA-WAREHOUSE,49.5
2024/05/26,MAT-0084,CHINA-WAREHOUSE,74.25
2024/05/26,MAT-0399,CHINA-WAREHOUSE,148.5
2024/05/27,MAT-0413,CHINA-WAREHOUSE,297.0
2024/05/27,MAT-0390,SINGAPORE-WAREHOUSE,396.0
2024/05/27,MAT-0275,SINGAPORE-WAREHOUSE,618.75
2024/05/27,MAT-0234,SINGAPORE-WAREHOUSE,247.5
2024/05/27,MAT-0229,CHINA-WAREHOUSE,247.5
2024/05/27,MAT-0367,SINGAPORE-WAREHOUSE,123.75
2024/05/27,MAT-0121,SINGAPORE-WAREHOUSE,99.0
2024/05/27,MAT-0109,SINGAPORE-WAREHOUSE,99.0
2024/05/27,MAT-0055,CHINA-WAREHOUSE,148.5
2024/05/27,MAT-0007,CHINA-WAREHOUSE,148.5
2024/05/27,MAT-0198,CHINA-WAREHOUSE,147.2
2024/05/28,MAT-0400,CHINA-WAREHOUSE,148.5
2024/05/28,MAT-0394,SINGAPORE-WAREHOUSE,247.5
2024/05/28,MAT-0356,CHINA-WAREHOUSE,49.5
2024/05/28,MAT-0320,CHINA-WAREHOUSE,49.5
2024/05/28,MAT-0315,CHINA-WAREHOUSE,148.5
2024/05/28,MAT-0198,CHINA-WAREHOUSE,246.7
2024/05/28,MAT-0092,CHINA-WAREHOUSE,148.5
2024/05/28,MAT-0229,CHINA-WAREHOUSE,396.0
2024/05/29,MAT-0386,CHINA-WAREHOUSE,74.25
2024/05/29,MAT-0415,SINGAPORE-WAREHOUSE,148.5
2024/05/29,MAT-0399,CHINA-WAREHOUSE,148.5
2024/05/29,MAT-0390,CHINA-WAREHOUSE,99.0
2024/05/29,MAT-0335,SINGAPORE-WAREHOUSE,247.5
2024/05/29,MAT-0415,CHINA-WAREHOUSE,445.5
2024/05/29,MAT-0156,CHINA-WAREHOUSE,272.25
2024/05/29,MAT-0092,CHINA-WAREHOUSE,148.5
2024/05/29,MAT-0072,SINGAPORE-WAREHOUSE,99.0
2024/05/29,MAT-0175,SINGAPORE-WAREHOUSE,74.25
2024/05/29,MAT-0046,SINGAPORE-WAREHOUSE,99.0
2024/05/30,MAT-0382,CHINA-WAREHOUSE,297.0
2024/05/31,MAT-0345,SINGAPORE-WAREHOUSE,45.0
2024/05/31,MAT-0325,CHINA-WAREHOUSE,148.5
2024/05/31,MAT-0322,CHINA-WAREHOUSE,148.5
2024/05/31,MAT-0319,CHINA-WAREHOUSE,148.5
2024/05/31,MAT-0109,SINGAPORE-WAREHOUSE,49.5
2024/05/31,MAT-0144,CHINA-WAREHOUSE,204.0
2024/05/31,MAT-0388,CHINA-WAREHOUSE,99.0
2024/05/31,MAT-0084,CHINA-WAREHOUSE,445.5
2024/05/31,MAT-0082,CHINA-WAREHOUSE,200.0
2024/05/31,MAT-0145,CHINA-WAREHOUSE,510.0
2024/06/01,MAT-0084,CHINA-WAREHOUSE,148.5
2024/06/01,MAT-0389,CHINA-WAREHOUSE,255.0
2024/06/01,MAT-0049,CHINA-WAREHOUSE,74.25
2024/06/02,MAT-0400,CHINA-WAREHOUSE,99.0
2024/06/02,MAT-0009,CHINA-WAREHOUSE,120.9
2024/06/02,MAT-0062,SINGAPORE-WAREHOUSE,198.0
2024/06/02,MAT-0112,SINGAPORE-WAREHOUSE,247.5
2024/06/02,MAT-0198,CHINA-WAREHOUSE,247.025
2024/06/02,MAT-0234,SINGAPORE-WAREHOUSE,247.5
2024/06/02,MAT-0325,CHINA-WAREHOUSE,222.75
2024/06/02,MAT-0332,CHINA-WAREHOUSE,180.0
2024/06/02,MAT-0335,SINGAPORE-WAREHOUSE,742.5
2024/06/02,MAT-0413,CHINA-WAREHOUSE,74.25
2024/06/03,MAT-0056,CHINA-WAREHOUSE,123.75
2024/06/03,MAT-0313,CHINA-WAREHOUSE,76.5
2024/06/04,MAT-0325,CHINA-WAREHOUSE,148.5
2024/06/04,MAT-0382,CHINA-WAREHOUSE,148.5
2024/06/05,MAT-0367,CHINA-WAREHOUSE,24.75
2024/06/05,MAT-0354,CHINA-WAREHOUSE,74.25
2024/06/05,MAT-0394,CHINA-WAREHOUSE,24.75
2024/06/05,MAT-0386,CHINA-WAREHOUSE,74.25
2024/06/05,MAT-0315,CHINA-WAREHOUSE,99.0
2024/06/05,MAT-0111,CHINA-WAREHOUSE,99.0
2024/06/05,MAT-0250,SINGAPORE-WAREHOUSE,396.0
2024/06/05,MAT-0247,SINGAPORE-WAREHOUSE,198.0
2024/06/05,MAT-0264,CHINA-WAREHOUSE,148.5
2024/06/05,MAT-0056,CHINA-WAREHOUSE,123.75
2024/06/05,MAT-0012,CHINA-WAREHOUSE,24.75
2024/06/06,MAT-0109,SINGAPORE-WAREHOUSE,148.5
2024/06/06,MAT-0111,CHINA-WAREHOUSE,24.75
2024/06/06,MAT-0198,CHINA-WAREHOUSE,147.725
2024/06/06,MAT-0393,SINGAPORE-WAREHOUSE,24.75
2024/06/07,MAT-0418,CHINA-WAREHOUSE,4.125
2024/06/07,MAT-0389,CHINA-WAREHOUSE,331.5
2024/06/07,MAT-0354,CHINA-WAREHOUSE,148.5
2024/06/07,MAT-0208,CHINA-WAREHOUSE,1.375
2024/06/07,MAT-0164,SINGAPORE-WAREHOUSE,173.25
2024/06/07,MAT-0156,CHINA-WAREHOUSE,118.25
2024/06/07,MAT-0112,CHINA-WAREHOUSE,148.5
2024/06/07,MAT-0099,CHINA-WAREHOUSE,148.5
2024/06/07,MAT-0068,SINGAPORE-WAREHOUSE,99.0
2024/06/08,MAT-0009,CHINA-WAREHOUSE,161.2
2024/06/08,MAT-0226,SINGAPORE-WAREHOUSE,123.75
2024/06/08,MAT-0315,CHINA-WAREHOUSE,148.5
2024/06/08,MAT-0332,CHINA-WAREHOUSE,90.725
2024/06/08,MAT-0354,SINGAPORE-WAREHOUSE,247.5
2024/06/08,MAT-0366,SINGAPORE-WAREHOUSE,112.5
2024/06/08,MAT-0415,SINGAPORE-WAREHOUSE,148.5
2024/06/09,MAT-0322,CHINA-WAREHOUSE,148.5
2024/06/09,MAT-0321,CHINA-WAREHOUSE,148.5
2024/06/09,MAT-0318,CHINA-WAREHOUSE,198.0
2024/06/09,MAT-0379,CHINA-WAREHOUSE,148.5
2024/06/09,MAT-0153,CHINA-WAREHOUSE,148.5
2024/06/09,MAT-0084,CHINA-WAREHOUSE,148.5
2024/06/09,MAT-0268,CHINA-WAREHOUSE,127.5
2024/06/10,MAT-0084,CHINA-WAREHOUSE,519.75
2024/06/10,MAT-0264,CHINA-WAREHOUSE,148.5
2024/06/10,MAT-0321,CHINA-WAREHOUSE,148.5
2024/06/10,MAT-0322,CHINA-WAREHOUSE,445.5
2024/06/10,MAT-0384,CHINA-WAREHOUSE,74.25
2024/06/11,MAT-0415,CHINA-WAREHOUSE,594.0
2024/06/11,MAT-0399,CHINA-WAREHOUSE,297.0
2024/06/11,MAT-0366,SINGAPORE-WAREHOUSE,45.0
2024/06/11,MAT-0356,CHINA-WAREHOUSE,99.0
2024/06/11,MAT-0327,CHINA-WAREHOUSE,49.5
2024/06/11,MAT-0386,CHINA-WAREHOUSE,123.75
2024/06/11,MAT-0156,CHINA-WAREHOUSE,396.0
2024/06/11,MAT-0112,CHINA-WAREHOUSE,148.5
2024/06/11,MAT-0111,CHINA-WAREHOUSE,123.75
2024/06/11,MAT-0065,CHINA-WAREHOUSE,74.25
2024/06/11,MAT-0007,CHINA-WAREHOUSE,99.0
2024/06/11,MAT-0315,CHINA-WAREHOUSE,148.5
2024/06/12,MAT-0327,CHINA-WAREHOUSE,49.5
2024/06/12,MAT-0356,CHINA-WAREHOUSE,49.5
2024/06/13,MAT-0229,CHINA-WAREHOUSE,148.5
2024/06/13,MAT-0413,CHINA-WAREHOUSE,297.0
2024/06/14,MAT-0356,CHINA-WAREHOUSE,49.5
2024/06/15,MAT-0112,CHINA-WAREHOUSE,148.5
2024/06/15,MAT-0151,CHINA-WAREHOUSE,198.0
2024/06/15,MAT-0261,CHINA-WAREHOUSE,153.0
2024/06/15,MAT-0264,CHINA-WAREHOUSE,99.0
2024/06/15,MAT-0322,CHINA-WAREHOUSE,123.75
2024/06/15,MAT-0354,SINGAPORE-WAREHOUSE,742.5
2024/06/15,MAT-0375,CHINA-WAREHOUSE,25.5
2024/06/16,MAT-0382,CHINA-WAREHOUSE,99.0
2024/06/16,MAT-0332,CHINA-WAREHOUSE,20.0
2024/06/16,MAT-0265,CHINA-WAREHOUSE,148.5
2024/06/16,MAT-0145,CHINA-WAREHOUSE,816.0
2024/06/16,MAT-0144,CHINA-WAREHOUSE,510.0
2024/06/16,MAT-0142,CHINA-WAREHOUSE,255.0
2024/06/17,MAT-0112,CHINA-WAREHOUSE,445.5
2024/06/17,MAT-0145,CHINA-WAREHOUSE,969.0
2024/06/17,MAT-0146,CHINA-WAREHOUSE,198.0
2024/06/17,MAT-0158,CHINA-WAREHOUSE,25.5
2024/06/17,MAT-0268,CHINA-WAREHOUSE,51.0
2024/06/17,MAT-0276,CHINA-WAREHOUSE,123.75
2024/06/17,MAT-0315,CHINA-WAREHOUSE,99.0
2024/06/17,MAT-0374,CHINA-WAREHOUSE,49.5
2024/06/17,MAT-0374,SINGAPORE-WAREHOUSE,49.5
2024/06/17,MAT-0400,CHINA-WAREHOUSE,148.5
2024/06/17,MAT-0416,CHINA-WAREHOUSE,99.0
2024/06/17,MAT-0430,CHINA-WAREHOUSE,24.725
2024/06/19,MAT-0265,CHINA-WAREHOUSE,148.5
2024/06/19,MAT-0382,CHINA-WAREHOUSE,99.0
2024/06/19,MAT-0264,CHINA-WAREHOUSE,148.5
2024/06/20,MAT-0382,CHINA-WAREHOUSE,123.75
2024/06/20,MAT-0046,SINGAPORE-WAREHOUSE,99.0
2024/06/20,MAT-0056,SINGAPORE-WAREHOUSE,247.5
2024/06/20,MAT-0137,CHINA-WAREHOUSE,49.5
2024/06/20,MAT-0210,SINGAPORE-WAREHOUSE,24.75
2024/06/20,MAT-0250,SINGAPORE-WAREHOUSE,247.5
2024/06/20,MAT-0315,CHINA-WAREHOUSE,148.5
2024/06/20,MAT-0354,CHINA-WAREHOUSE,148.5
2024/06/20,MAT-0430,CHINA-WAREHOUSE,24.75
2024/06/21,MAT-0018,CHINA-WAREHOUSE,247.5
2024/06/21,MAT-0087,CHINA-WAREHOUSE,24.75
2024/06/21,MAT-0118,CHINA-WAREHOUSE,24.75
2024/06/21,MAT-0221,SINGAPORE-WAREHOUSE,67.5
2024/06/21,MAT-0312,CHINA-WAREHOUSE,25.5
2024/06/21,MAT-0416,CHINA-WAREHOUSE,99.0
2024/06/23,MAT-0404,SINGAPORE-WAREHOUSE,49.5
2024/06/23,MAT-0354,SINGAPORE-WAREHOUSE,247.5
2024/06/23,MAT-0234,SINGAPORE-WAREHOUSE,495.0
2024/06/23,MAT-0327,SINGAPORE-WAREHOUSE,74.25
2024/06/23,MAT-0354,CHINA-WAREHOUSE,148.5
2024/06/24,MAT-0389,CHINA-WAREHOUSE,484.5
2024/06/24,MAT-0382,CHINA-WAREHOUSE,148.5
2024/06/24,MAT-0264,CHINA-WAREHOUSE,247.5
2024/06/24,MAT-0142,CHINA-WAREHOUSE,357.0
2024/06/24,MAT-0099,CHINA-WAREHOUSE,49.5
2024/06/24,MAT-0143,CHINA-WAREHOUSE,25.5
2024/06/24,MAT-0084,CHINA-WAREHOUSE,297.0
2024/06/24,MAT-0049,CHINA-WAREHOUSE,99.0
2024/06/24,MAT-0015,CHINA-WAREHOUSE,371.25
2024/06/24,MAT-0007,CHINA-WAREHOUSE,148.5
2024/06/24,MAT-0085,CHINA-WAREHOUSE,99.0
2024/06/25,MAT-0060,CHINA-WAREHOUSE,74.25
2024/06/26,MAT-0234,SINGAPORE-WAREHOUSE,247.5
2024/06/26,MAT-0399,CHINA-WAREHOUSE,148.5
2024/06/26,MAT-0413,SINGAPORE-WAREHOUSE,247.5
2024/06/26,MAT-0356,CHINA-WAREHOUSE,49.5
2024/06/26,MAT-0327,CHINA-WAREHOUSE,49.5
2024/06/26,MAT-0196,CHINA-WAREHOUSE,60.0
2024/06/26,MAT-0055,CHINA-WAREHOUSE,272.25
2024/06/26,MAT-0144,CHINA-WAREHOUSE,255.0
2024/06/26,MAT-0099,CHINA-WAREHOUSE,297.0
2024/06/26,MAT-0085,CHINA-WAREHOUSE,198.0
2024/06/26,MAT-0060,SINGAPORE-WAREHOUSE,148.5
2024/06/26,MAT-0007,CHINA-WAREHOUSE,99.0
2024/06/26,MAT-0175,SINGAPORE-WAREHOUSE,49.5
2024/06/27,MAT-0246,CHINA-WAREHOUSE,123.75
2024/06/28,MAT-0122,SINGAPORE-WAREHOUSE,21.25
2024/06/28,MAT-0110,SINGAPORE-WAREHOUSE,22.5
2024/06/29,MAT-0413,CHINA-WAREHOUSE,198.0
2024/06/29,MAT-0198,CHINA-WAREHOUSE,97.875
2024/06/29,MAT-0065,CHINA-WAREHOUSE,49.5
2024/06/30,MAT-0144,CHINA-WAREHOUSE,229.5
2024/06/30,MAT-0413,CHINA-WAREHOUSE,198.0
2024/07/01,MAT-0049,CHINA-WAREHOUSE,49.5
2024/07/01,MAT-0146,CHINA-WAREHOUSE,297.0
2024/07/01,MAT-0232,CHINA-WAREHOUSE,49.5
2024/07/01,MAT-0270,CHINA-WAREHOUSE,153.0
2024/07/02,MAT-0268,CHINA-WAREHOUSE,51.0
2024/07/02,MAT-0265,CHINA-WAREHOUSE,148.5
2024/07/02,MAT-0150,CHINA-WAREHOUSE,102.0
2024/07/02,MAT-0175,CHINA-WAREHOUSE,49.5
2024/07/02,MAT-0084,CHINA-WAREHOUSE,297.0
2024/07/02,MAT-0015,CHINA-WAREHOUSE,297.0
2024/07/02,MAT-0091,CHINA-WAREHOUSE,51.0
2024/07/03,MAT-0265,CHINA-WAREHOUSE,297.0
2024/07/03,MAT-0389,CHINA-WAREHOUSE,510.0
2024/07/03,MAT-0366,SINGAPORE-WAREHOUSE,22.5
2024/07/03,MAT-0354,SINGAPORE-WAREHOUSE,247.5
2024/07/03,MAT-0346,SINGAPORE-WAREHOUSE,247.5
2024/07/03,MAT-0335,SINGAPORE-WAREHOUSE,247.5
2024/07/03,MAT-0267,SINGAPORE-WAREHOUSE,346.5
2024/07/03,MAT-0266,CHINA-WAREHOUSE,74.25
2024/07/03,MAT-0175,CHINA-WAREHOUSE,49.5
2024/07/03,MAT-0399,CHINA-WAREHOUSE,247.5
2024/07/03,MAT-0144,CHINA-WAREHOUSE,255.0
2024/07/03,MAT-0142,CHINA-WAREHOUSE,510.0
2024/07/03,MAT-0137,CHINA-WAREHOUSE,297.0
2024/07/03,MAT-0099,SINGAPORE-WAREHOUSE,247.5
2024/07/03,MAT-0084,CHINA-WAREHOUSE,445.5
2024/07/03,MAT-0032,CHINA-WAREHOUSE,76.5
2024/07/03,MAT-0015,CHINA-WAREHOUSE,123.75
2024/07/03,MAT-0013,CHINA-WAREHOUSE,76.5
2024/07/03,MAT-0167,CHINA-WAREHOUSE,148.5
2024/07/04,MAT-0159,CHINA-WAREHOUSE,25.5
2024/07/04,MAT-0144,CHINA-WAREHOUSE,255.0
2024/07/05,MAT-0153,CHINA-WAREHOUSE,148.5
2024/07/05,MAT-0247,SINGAPORE-WAREHOUSE,49.5
2024/07/05,MAT-0325,CHINA-WAREHOUSE,99.0
2024/07/06,MAT-0392,SINGAPORE-WAREHOUSE,99.0
2024/07/06,MAT-0356,SINGAPORE-WAREHOUSE,24.75
2024/07/06,MAT-0356,CHINA-WAREHOUSE,148.5
2024/07/06,MAT-0415,CHINA-WAREHOUSE,148.5
2024/07/06,MAT-0354,CHINA-WAREHOUSE,148.5
2024/07/06,MAT-0354,SINGAPORE-WAREHOUSE,519.75
2024/07/06,MAT-0340,CHINA-WAREHOUSE,99.0
2024/07/06,MAT-0335,SINGAPORE-WAREHOUSE,742.5
2024/07/06,MAT-0243,SINGAPORE-WAREHOUSE,173.25
2024/07/06,MAT-0156,CHINA-WAREHOUSE,148.5
2024/07/06,MAT-0346,SINGAPORE-WAREHOUSE,247.5
2024/07/07,MAT-0069,CHINA-WAREHOUSE,24.75
2024/07/07,MAT-0358,CHINA-WAREHOUSE,25.5
2024/07/08,MAT-0003,CHINA-WAREHOUSE,58.751999999999995
2024/07/09,MAT-0144,CHINA-WAREHOUSE,255.0
2024/07/09,MAT-0229,CHINA-WAREHOUSE,247.5
2024/07/10,MAT-0196,CHINA-WAREHOUSE,40.0
2024/07/10,MAT-0085,CHINA-WAREHOUSE,99.0
2024/07/10,MAT-0144,CHINA-WAREHOUSE,255.0
2024/07/11,MAT-0160,CHINA-WAREHOUSE,222.75
2024/07/11,MAT-0340,CHINA-WAREHOUSE,148.5
2024/07/11,MAT-0378,CHINA-WAREHOUSE,24.75
2024/07/12,MAT-0209,CHINA-WAREHOUSE,0.30000000000000004
2024/07/12,MAT-0430,CHINA-WAREHOUSE,4.125
2024/07/12,MAT-0391,CHINA-WAREHOUSE,4.125
2024/07/12,MAT-0328,CHINA-WAREHOUSE,127.5
2024/07/12,MAT-0270,CHINA-WAREHOUSE,357.0
2024/07/12,MAT-0198,CHINA-WAREHOUSE,0.30000000000000004
2024/07/12,MAT-0119,CHINA-WAREHOUSE,4.125
2024/07/12,MAT-0145,CHINA-WAREHOUSE,331.5
2024/07/12,MAT-0143,CHINA-WAREHOUSE,255.0
2024/07/12,MAT-0195,CHINA-WAREHOUSE,4.125
2024/07/12,MAT-0056,SINGAPORE-WAREHOUSE,123.75
2024/07/12,MAT-0046,CHINA-WAREHOUSE,4.075
2024/07/12,MAT-0001,CHINA-WAREHOUSE,382.5
2024/07/13,MAT-0341,CHINA-WAREHOUSE,148.5
2024/07/14,MAT-0065,CHINA-WAREHOUSE,123.75
2024/07/14,MAT-0121,SINGAPORE-WAREHOUSE,99.0
2024/07/14,MAT-0354,CHINA-WAREHOUSE,272.25
2024/07/14,MAT-0415,CHINA-WAREHOUSE,445.5
2024/07/15,MAT-0416,CHINA-WAREHOUSE,74.25
2024/07/15,MAT-0339,CHINA-WAREHOUSE,25.5
2024/07/15,MAT-0328,CHINA-WAREHOUSE,145.5
2024/07/15,MAT-0270,CHINA-WAREHOUSE,262.5
2024/07/15,MAT-0201,CHINA-WAREHOUSE,306.0
2024/07/15,MAT-0176,CHINA-WAREHOUSE,25.5
2024/07/15,MAT-0145,CHINA-WAREHOUSE,102.0
2024/07/15,MAT-0142,CHINA-WAREHOUSE,255.0
2024/07/15,MAT-0018,CHINA-WAREHOUSE,148.5
2024/07/15,MAT-0013,CHINA-WAREHOUSE,204.0
2024/07/15,MAT-0001,CHINA-WAREHOUSE,586.5
2024/07/16,MAT-0354,SINGAPORE-WAREHOUSE,495.0
2024/07/16,MAT-0346,SINGAPORE-WAREHOUSE,222.75
2024/07/16,MAT-0335,SINGAPORE-WAREHOUSE,99.0
2024/07/16,MAT-0327,SINGAPORE-WAREHOUSE,123.75
2024/07/16,MAT-0270,CHINA-WAREHOUSE,280.5
2024/07/16,MAT-0234,SINGAPORE-WAREHOUSE,99.0
2024/07/16,MAT-0156,CHINA-WAREHOUSE,99.0
2024/07/16,MAT-0099,SINGAPORE-WAREHOUSE,247.5
2024/07/16,MAT-0062,SINGAPORE-WAREHOUSE,247.5
2024/07/16,MAT-0243,SINGAPORE-WAREHOUSE,173.25
2024/07/17,MAT-0363,SINGAPORE-WAREHOUSE,247.5
2024/07/17,MAT-0328,CHINA-WAREHOUSE,76.5
2024/07/17,MAT-0143,CHINA-WAREHOUSE,255.0
2024/07/17,MAT-0056,CHINA-WAREHOUSE,247.5
2024/07/17,MAT-0145,CHINA-WAREHOUSE,510.0
2024/07/18,MAT-0341,CHINA-WAREHOUSE,148.5
2024/07/19,MAT-0001,CHINA-WAREHOUSE,255.0
2024/07/19,MAT-0175,SINGAPORE-WAREHOUSE,222.75
2024/07/19,MAT-0302,SINGAPORE-WAREHOUSE,24.75
2024/07/19,MAT-0328,CHINA-WAREHOUSE,153.0
2024/07/19,MAT-0351,CHINA-WAREHOUSE,156.75
2024/07/20,MAT-0389,CHINA-WAREHOUSE,765.0
2024/07/20,MAT-0301,SINGAPORE-WAREHOUSE,49.5
2024/07/20,MAT-0232,CHINA-WAREHOUSE,99.0
2024/07/20,MAT-0056,SINGAPORE-WAREHOUSE,371.25
2024/07/20,MAT-0046,SINGAPORE-WAREHOUSE,49.5
2024/07/20,MAT-0109,SINGAPORE-WAREHOUSE,145.75
2024/07/21,MAT-0098,CHINA-WAREHOUSE,371.25
2024/07/22,MAT-0264,CHINA-WAREHOUSE,148.5
2024/07/22,MAT-0377,CHINA-WAREHOUSE,1.5
2024/07/22,MAT-0375,CHINA-WAREHOUSE,15.0
2024/07/22,MAT-0261,CHINA-WAREHOUSE,1.5
2024/07/22,MAT-0046,CHINA-WAREHOUSE,247.5
2024/07/22,MAT-0158,CHINA-WAREHOUSE,24.0
2024/07/22,MAT-0101,CHINA-WAREHOUSE,99.0
2024/07/22,MAT-0098,SINGAPORE-WAREHOUSE,123.75
2024/07/22,MAT-0197,CHINA-WAREHOUSE,9.0
2024/07/23,MAT-0190,CHINA-WAREHOUSE,297.0
2024/07/23,MAT-0341,CHINA-WAREHOUSE,445.5
2024/07/24,MAT-0344,SINGAPORE-WAREHOUSE,49.5
2024/07/25,MAT-0354,CHINA-WAREHOUSE,148.5
2024/07/25,MAT-0341,CHINA-WAREHOUSE,148.5
2024/07/25,MAT-0375,CHINA-WAREHOUSE,25.5
2024/07/25,MAT-0354,SINGAPORE-WAREHOUSE,247.5
2024/07/25,MAT-0268,CHINA-WAREHOUSE,25.5
2024/07/25,MAT-0082,CHINA-WAREHOUSE,680.0
2024/07/25,MAT-0156,SINGAPORE-WAREHOUSE,247.5
2024/07/25,MAT-0156,CHINA-WAREHOUSE,148.5
2024/07/25,MAT-0099,CHINA-WAREHOUSE,247.5
2024/07/25,MAT-0234,SINGAPORE-WAREHOUSE,247.5
2024/07/26,MAT-0399,CHINA-WAREHOUSE,148.5
2024/07/26,MAT-0366,SINGAPORE-WAREHOUSE,22.5
2024/07/26,MAT-0236,CHINA-WAREHOUSE,99.0
2024/07/26,MAT-0356,CHINA-WAREHOUSE,148.5
2024/07/26,MAT-0098,SINGAPORE-WAREHOUSE,247.5
2024/07/26,MAT-0084,CHINA-WAREHOUSE,99.0
2024/07/26,MAT-0070,CHINA-WAREHOUSE,24.75
2024/07/26,MAT-0232,CHINA-WAREHOUSE,74.25
2024/07/27,MAT-0312,CHINA-WAREHOUSE,0.30000000000000004
2024/07/27,MAT-0376,CHINA-WAREHOUSE,0.2
2024/07/27,MAT-0375,CHINA-WAREHOUSE,21.5
2024/07/27,MAT-0339,CHINA-WAREHOUSE,0.5
2024/07/27,MAT-0323,CHINA-WAREHOUSE,0.30000000000000004
2024/07/27,MAT-0313,CHINA-WAREHOUSE,0.1
2024/07/27,MAT-0268,CHINA-WAREHOUSE,0.2
2024/07/27,MAT-0151,CHINA-WAREHOUSE,99.0
2024/07/27,MAT-0233,CHINA-WAREHOUSE,0.1
2024/07/27,MAT-0197,CHINA-WAREHOUSE,0.1
2024/07/27,MAT-0145,CHINA-WAREHOUSE,765.0
2024/07/27,MAT-0101,CHINA-WAREHOUSE,24.75
2024/07/27,MAT-0098,SINGAPORE-WAREHOUSE,123.75
2024/07/27,MAT-0097,CHINA-WAREHOUSE,49.5
2024/07/27,MAT-0261,CHINA-WAREHOUSE,0.4
2024/07/29,MAT-0325,CHINA-WAREHOUSE,396.0
2024/07/29,MAT-0389,CHINA-WAREHOUSE,255.0
2024/07/29,MAT-0416,CHINA-WAREHOUSE,445.5
2024/07/29,MAT-0384,CHINA-WAREHOUSE,49.5
2024/07/29,MAT-0379,CHINA-WAREHOUSE,148.5
2024/07/29,MAT-0332,CHINA-WAREHOUSE,20.65
2024/07/29,MAT-0264,CHINA-WAREHOUSE,297.0
2024/07/29,MAT-0049,CHINA-WAREHOUSE,99.0
2024/07/29,MAT-0197,CHINA-WAREHOUSE,25.5
2024/07/29,MAT-0190,CHINA-WAREHOUSE,297.0
2024/07/29,MAT-0145,CHINA-WAREHOUSE,1249.5
2024/07/29,MAT-0084,CHINA-WAREHOUSE,148.5
2024/07/29,MAT-0073,SINGAPORE-WAREHOUSE,105.0
2024/07/29,MAT-0001,CHINA-WAREHOUSE,178.5
2024/07/29,MAT-0261,CHINA-WAREHOUSE,51.0
2024/07/30,MAT-0363,CHINA-WAREHOUSE,24.75
2024/07/30,MAT-0335,SINGAPORE-WAREHOUSE,247.5
2024/07/30,MAT-0351,CHINA-WAREHOUSE,22.0
2024/07/30,MAT-0171,SINGAPORE-WAREHOUSE,222.75
2024/07/30,MAT-0234,SINGAPORE-WAREHOUSE,123.75
2024/07/31,MAT-0098,SINGAPORE-WAREHOUSE,123.75
2024/07/31,MAT-0332,CHINA-WAREHOUSE,200.0
2024/07/31,MAT-0366,SINGAPORE-WAREHOUSE,22.5
2024/07/31,MAT-0413,SINGAPORE-WAREHOUSE,247.5
2024/08/01,MAT-0335,SINGAPORE-WAREHOUSE,495.0
2024/08/01,MAT-0416,CHINA-WAREHOUSE,148.5
2024/08/01,MAT-0376,CHINA-WAREHOUSE,3.0
2024/08/01,MAT-0354,CHINA-WAREHOUSE,148.5
2024/08/01,MAT-0339,CHINA-WAREHOUSE,25.5
2024/08/01,MAT-0281,CHINA-WAREHOUSE,135.0
2024/08/01,MAT-0382,CHINA-WAREHOUSE,148.5
2024/08/01,MAT-0166,CHINA-WAREHOUSE,44.9
2024/08/01,MAT-0158,CHINA-WAREHOUSE,51.0
2024/08/01,MAT-0150,CHINA-WAREHOUSE,25.5
2024/08/01,MAT-0144,CHINA-WAREHOUSE,561.0
2024/08/01,MAT-0099,SINGAPORE-WAREHOUSE,247.5
2024/08/01,MAT-0261,CHINA-WAREHOUSE,48.0
2024/08/02,MAT-0333,CHINA-WAREHOUSE,145.0
2024/08/04,MAT-0335,SINGAPORE-WAREHOUSE,841.5
2024/08/04,MAT-0229,CHINA-WAREHOUSE,247.5
2024/08/04,MAT-0144,CHINA-WAREHOUSE,510.0
2024/08/04,MAT-0040,SINGAPORE-WAREHOUSE,247.5
2024/08/04,MAT-0212,SINGAPORE-WAREHOUSE,148.5
2024/08/05,MAT-0264,CHINA-WAREHOUSE,148.5
2024/08/05,MAT-0396,CHINA-WAREHOUSE,49.5
2024/08/05,MAT-0325,CHINA-WAREHOUSE,99.0
2024/08/05,MAT-0281,CHINA-WAREHOUSE,135.0
2024/08/05,MAT-0266,CHINA-WAREHOUSE,24.75
2024/08/05,MAT-0254,CHINA-WAREHOUSE,19.75
2024/08/05,MAT-0166,CHINA-WAREHOUSE,112.5
2024/08/05,MAT-0144,CHINA-WAREHOUSE,765.0
2024/08/05,MAT-0091,CHINA-WAREHOUSE,9.4
2024/08/05,MAT-0084,CHINA-WAREHOUSE,297.0
2024/08/05,MAT-0049,CHINA-WAREHOUSE,148.5
2024/08/05,MAT-0032,CHINA-WAREHOUSE,66.0
2024/08/05,MAT-0236,CHINA-WAREHOUSE,99.0
2024/08/06,MAT-0212,SINGAPORE-WAREHOUSE,495.0
2024/08/06,MAT-0424,SINGAPORE-WAREHOUSE,247.5
2024/08/06,MAT-0389,CHINA-WAREHOUSE,255.0
2024/08/06,MAT-0354,SINGAPORE-WAREHOUSE,742.5
2024/08/06,MAT-0346,SINGAPORE-WAREHOUSE,24.75
2024/08/06,MAT-0335,SINGAPORE-WAREHOUSE,495.0
2024/08/06,MAT-0281,CHINA-WAREHOUSE,62.175
2024/08/06,MAT-0243,SINGAPORE-WAREHOUSE,495.0
2024/08/06,MAT-0234,SINGAPORE-WAREHOUSE,742.5
2024/08/06,MAT-0175,SINGAPORE-WAREHOUSE,123.75
2024/08/06,MAT-0133,SINGAPORE-WAREHOUSE,24.75
2024/08/06,MAT-0156,CHINA-WAREHOUSE,49.5
2024/08/06,MAT-0166,CHINA-WAREHOUSE,157.375
2024/08/06,MAT-0024,SINGAPORE-WAREHOUSE,247.5
2024/08/06,MAT-0040,SINGAPORE-WAREHOUSE,247.5
2024/08/06,MAT-0049,CHINA-WAREHOUSE,99.0
2024/08/06,MAT-0001,CHINA-WAREHOUSE,765.0
2024/08/06,MAT-0098,SINGAPORE-WAREHOUSE,123.75
2024/08/06,MAT-0143,CHINA-WAREHOUSE,255.0
2024/08/06,MAT-0056,SINGAPORE-WAREHOUSE,123.75
2024/08/07,MAT-0082,CHINA-WAREHOUSE,120.0
2024/08/07,MAT-0332,CHINA-WAREHOUSE,1280.0
2024/08/08,MAT-0416,CHINA-WAREHOUSE,74.25
2024/08/08,MAT-0325,CHINA-WAREHOUSE,148.5
2024/08/08,MAT-0402,CHINA-WAREHOUSE,49.5
2024/08/08,MAT-0381,CHINA-WAREHOUSE,49.5
2024/08/08,MAT-0366,SINGAPORE-WAREHOUSE,22.5
2024/08/08,MAT-0302,SINGAPORE-WAREHOUSE,99.0
2024/08/08,MAT-0156,CHINA-WAREHOUSE,170.5
2024/08/08,MAT-0211,SINGAPORE-WAREHOUSE,247.5
2024/08/08,MAT-0208,CHINA-WAREHOUSE,2.75
2024/08/08,MAT-0144,CHINA-WAREHOUSE,663.0
2024/08/08,MAT-0024,SINGAPORE-WAREHOUSE,247.5
2024/08/08,MAT-0281,CHINA-WAREHOUSE,247.475
2024/08/09,MAT-0234,SINGAPORE-WAREHOUSE,742.5
2024/08/09,MAT-0354,CHINA-WAREHOUSE,148.5
2024/08/09,MAT-0386,CHINA-WAREHOUSE,49.5
2024/08/09,MAT-0243,SINGAPORE-WAREHOUSE,247.5
2024/08/09,MAT-0160,CHINA-WAREHOUSE,371.25
2024/08/09,MAT-0341,CHINA-WAREHOUSE,123.75
2024/08/09,MAT-0144,CHINA-WAREHOUSE,255.0
2024/08/09,MAT-0143,CHINA-WAREHOUSE,510.0
2024/08/09,MAT-0097,CHINA-WAREHOUSE,49.5
2024/08/09,MAT-0040,CHINA-WAREHOUSE,74.25
2024/08/09,MAT-0156,CHINA-WAREHOUSE,445.5
2024/08/10,MAT-0145,CHINA-WAREHOUSE,255.0
2024/08/10,MAT-0190,CHINA-WAREHOUSE,49.5
2024/08/10,MAT-0198,CHINA-WAREHOUSE,148.025
2024/08/11,MAT-0424,SINGAPORE-WAREHOUSE,74.25
2024/08/11,MAT-0363,SINGAPORE-WAREHOUSE,99.0
2024/08/11,MAT-0341,CHINA-WAREHOUSE,148.5
2024/08/11,MAT-0423,SINGAPORE-WAREHOUSE,173.25
2024/08/11,MAT-0229,CHINA-WAREHOUSE,247.5
2024/08/11,MAT-0190,CHINA-WAREHOUSE,148.5
2024/08/11,MAT-0047,CHINA-WAREHOUSE,300.0
2024/08/11,MAT-0332,CHINA-WAREHOUSE,640.0
2024/08/12,MAT-0416,CHINA-WAREHOUSE,24.75
2024/08/12,MAT-0234,CHINA-WAREHOUSE,247.5
2024/08/12,MAT-0178,CHINA-WAREHOUSE,25.5
2024/08/12,MAT-0151,CHINA-WAREHOUSE,74.25
2024/08/12,MAT-0142,CHINA-WAREHOUSE,306.0
2024/08/12,MAT-0097,CHINA-WAREHOUSE,49.5
2024/08/12,MAT-0084,CHINA-WAREHOUSE,148.5
2024/08/12,MAT-0147,CHINA-WAREHOUSE,76.5
2024/08/13,MAT-0225,SINGAPORE-WAREHOUSE,247.5
2024/08/13,MAT-0335,SINGAPORE-WAREHOUSE,1485.0
2024/08/13,MAT-0281,CHINA-WAREHOUSE,67.5
2024/08/13,MAT-0254,CHINA-WAREHOUSE,67.5
2024/08/13,MAT-0234,SINGAPORE-WAREHOUSE,495.0
2024/08/13,MAT-0212,SINGAPORE-WAREHOUSE,396.0
2024/08/13,MAT-0332,CHINA-WAREHOUSE,420.0
2024/08/13,MAT-0143,CHINA-WAREHOUSE,229.5
2024/08/13,MAT-0099,SINGAPORE-WAREHOUSE,247.5
2024/08/13,MAT-0084,CHINA-WAREHOUSE,148.5
2024/08/13,MAT-0082,CHINA-WAREHOUSE,60.0
2024/08/13,MAT-0047,CHINA-WAREHOUSE,20.0
2024/08/13,MAT-0178,CHINA-WAREHOUSE,153.0
2024/08/14,MAT-0098,SINGAPORE-WAREHOUSE,123.75
2024/08/14,MAT-0166,CHINA-WAREHOUSE,21.225
2024/08/14,MAT-0198,CHINA-WAREHOUSE,245.975
2024/08/15,MAT-0046,CHINA-WAREHOUSE,49.5
2024/08/16,MAT-0198,CHINA-WAREHOUSE,246.325
2024/08/17,MAT-0416,CHINA-WAREHOUSE,148.5
2024/08/17,MAT-0354,CHINA-WAREHOUSE,99.0
2024/08/17,MAT-0335,SINGAPORE-WAREHOUSE,1457.5
2024/08/17,MAT-0318,CHINA-WAREHOUSE,148.5
2024/08/17,MAT-0166,CHINA-WAREHOUSE,88.65
2024/08/17,MAT-0353,CHINA-WAREHOUSE,24.75
2024/08/17,MAT-0151,CHINA-WAREHOUSE,99.0
2024/08/17,MAT-0114,CHINA-WAREHOUSE,51.0
2024/08/17,MAT-0099,SINGAPORE-WAREHOUSE,247.5
2024/08/17,MAT-0062,SINGAPORE-WAREHOUSE,198.0
2024/08/17,MAT-0160,CHINA-WAREHOUSE,24.75
2024/08/18,MAT-0019,CHINA-WAREHOUSE,240.8
2024/08/18,MAT-0032,CHINA-WAREHOUSE,13.5
2024/08/18,MAT-0379,CHINA-WAREHOUSE,148.5
2024/08/19,MAT-0003,CHINA-WAREHOUSE,19.584
2024/08/19,MAT-0166,CHINA-WAREHOUSE,45.0
2024/08/20,MAT-0354,CHINA-WAREHOUSE,272.25
2024/08/20,MAT-0341,CHINA-WAREHOUSE,173.25
2024/08/20,MAT-0335,SINGAPORE-WAREHOUSE,247.5
2024/08/20,MAT-0332,CHINA-WAREHOUSE,160.0
2024/08/20,MAT-0285,CHINA-WAREHOUSE,24.75
2024/08/20,MAT-0099,SINGAPORE-WAREHOUSE,618.75
2024/08/20,MAT-0190,CHINA-WAREHOUSE,445.4
2024/08/20,MAT-0110,SINGAPORE-WAREHOUSE,22.5
2024/08/20,MAT-0099,CHINA-WAREHOUSE,148.5
2024/08/20,MAT-0234,SINGAPORE-WAREHOUSE,396.0
2024/08/21,MAT-0354,CHINA-WAREHOUSE,24.75
2024/08/21,MAT-0379,CHINA-WAREHOUSE,148.5
2024/08/21,MAT-0266,CHINA-WAREHOUSE,99.0
2024/08/21,MAT-0232,CHINA-WAREHOUSE,148.5
2024/08/21,MAT-0254,CHINA-WAREHOUSE,67.5
2024/08/21,MAT-0285,CHINA-WAREHOUSE,74.25
2024/08/22,MAT-0025,SINGAPORE-WAREHOUSE,123.75
2024/08/22,MAT-0366,SINGAPORE-WAREHOUSE,22.5
2024/08/22,MAT-0363,SINGAPORE-WAREHOUSE,148.5
2024/08/22,MAT-0363,CHINA-WAREHOUSE,49.5
2024/08/22,MAT-0356,SINGAPORE-WAREHOUSE,99.0
2024/08/22,MAT-0340,CHINA-WAREHOUSE,445.5
2024/08/22,MAT-0335,SINGAPORE-WAREHOUSE,247.5
2024/08/22,MAT-0310,SINGAPORE-WAREHOUSE,198.0
2024/08/22,MAT-0374,CHINA-WAREHOUSE,73.4
2024/08/22,MAT-0238,CHINA-WAREHOUSE,4.125
2024/08/22,MAT-0198,CHINA-WAREHOUSE,148.125
2024/08/22,MAT-0181,CHINA-WAREHOUSE,4.125
2024/08/22,MAT-0099,SINGAPORE-WAREHOUSE,247.5
2024/08/22,MAT-0049,CHINA-WAREHOUSE,99.0
2024/08/22,MAT-0046,SINGAPORE-WAREHOUSE,99.0
2024/08/22,MAT-0297,CHINA-WAREHOUSE,16.5
2024/08/23,MAT-0146,CHINA-WAREHOUSE,297.0
2024/08/23,MAT-0381,CHINA-WAREHOUSE,24.75
2024/08/23,MAT-0416,CHINA-WAREHOUSE,148.5
2024/08/25,MAT-0413,CHINA-WAREHOUSE,49.5
2024/08/26,MAT-0392,SINGAPORE-WAREHOUSE,22.0
2024/08/26,MAT-0335,SINGAPORE-WAREHOUSE,24.75
2024/08/26,MAT-0190,CHINA-WAREHOUSE,148.45
2024/08/26,MAT-0175,SINGAPORE-WAREHOUSE,123.75
2024/08/26,MAT-0015,CHINA-WAREHOUSE,99.0
2024/08/26,MAT-0102,CHINA-WAREHOUSE,49.4
2024/08/26,MAT-0099,SINGAPORE-WAREHOUSE,247.5
2024/08/26,MAT-0099,CHINA-WAREHOUSE,569.25
2024/08/26,MAT-0146,CHINA-WAREHOUSE,148.5
2024/08/27,MAT-0198,CHINA-WAREHOUSE,296.5
2024/08/27,MAT-0332,CHINA-WAREHOUSE,400.0
2024/08/27,MAT-0196,CHINA-WAREHOUSE,300.0
2024/08/27,MAT-0084,CHINA-WAREHOUSE,148.5
2024/08/27,MAT-0082,CHINA-WAREHOUSE,120.0
2024/08/27,MAT-0190,CHINA-WAREHOUSE,74.25
2024/08/28,MAT-0015,CHINA-WAREHOUSE,247.5
2024/08/28,MAT-0047,CHINA-WAREHOUSE,180.0
2024/08/28,MAT-0084,CHINA-WAREHOUSE,297.0
2024/08/28,MAT-0120,CHINA-WAREHOUSE,99.0
2024/08/28,MAT-0166,CHINA-WAREHOUSE,90.0
2024/08/28,MAT-0190,CHINA-WAREHOUSE,24.75
2024/08/28,MAT-0243,SINGAPORE-WAREHOUSE,49.5
2024/08/28,MAT-0384,CHINA-WAREHOUSE,123.75
2024/08/28,MAT-0428,CHINA-WAREHOUSE,49.5
2024/08/29,MAT-0015,CHINA-WAREHOUSE,148.5
2024/08/29,MAT-0234,CHINA-WAREHOUSE,148.5
2024/08/30,MAT-0354,SINGAPORE-WAREHOUSE,24.75
2024/08/31,MAT-0366,SINGAPORE-WAREHOUSE,45.0
2024/08/31,MAT-0108,CHINA-WAREHOUSE,99.0
2024/09/01,MAT-0015,CHINA-WAREHOUSE,594.0
2024/09/01,MAT-0084,CHINA-WAREHOUSE,148.5
2024/09/01,MAT-0099,CHINA-WAREHOUSE,297.0
2024/09/01,MAT-0099,SINGAPORE-WAREHOUSE,247.5
2024/09/01,MAT-0108,CHINA-WAREHOUSE,123.75
2024/09/01,MAT-0120,CHINA-WAREHOUSE,148.5
2024/09/01,MAT-0137,CHINA-WAREHOUSE,148.5
2024/09/01,MAT-0229,CHINA-WAREHOUSE,247.5
2024/09/01,MAT-0318,CHINA-WAREHOUSE,99.0
2024/09/01,MAT-0319,CHINA-WAREHOUSE,148.5
2024/09/01,MAT-0424,SINGAPORE-WAREHOUSE,148.5
2024/09/03,MAT-0318,CHINA-WAREHOUSE,247.5
2024/09/03,MAT-0180,CHINA-WAREHOUSE,24.75
2024/09/03,MAT-0428,CHINA-WAREHOUSE,24.75
2024/09/03,MAT-0015,CHINA-WAREHOUSE,148.5
2024/09/03,MAT-0137,CHINA-WAREHOUSE,297.0
2024/09/05,MAT-0046,CHINA-WAREHOUSE,245.425
2024/09/06,MAT-0226,SINGAPORE-WAREHOUSE,49.5
2024/09/06,MAT-0255,SINGAPORE-WAREHOUSE,74.25
2024/09/06,MAT-0335,CHINA-WAREHOUSE,198.0
2024/09/06,MAT-0335,SINGAPORE-WAREHOUSE,247.5
2024/09/06,MAT-0354,CHINA-WAREHOUSE,148.5
2024/09/06,MAT-0363,SINGAPORE-WAREHOUSE,297.0
2024/09/07,MAT-0363,CHINA-WAREHOUSE,74.25
2024/09/07,MAT-0321,CHINA-WAREHOUSE,148.5
2024/09/07,MAT-0318,CHINA-WAREHOUSE,148.5
2024/09/07,MAT-0255,CHINA-WAREHOUSE,49.5
2024/09/07,MAT-0166,CHINA-WAREHOUSE,135.0
2024/09/07,MAT-0071,CHINA-WAREHOUSE,123.75
2024/09/07,MAT-0027,CHINA-WAREHOUSE,99.0
2024/09/07,MAT-0015,CHINA-WAREHOUSE,148.5
2024/09/08,MAT-0367,SINGAPORE-WAREHOUSE,247.5
2024/09/08,MAT-0366,SINGAPORE-WAREHOUSE,22.5
2024/09/08,MAT-0408,SINGAPORE-WAREHOUSE,74.25
2024/09/08,MAT-0356,SINGAPORE-WAREHOUSE,123.75
2024/09/08,MAT-0325,CHINA-WAREHOUSE,123.75
2024/09/08,MAT-0310,SINGAPORE-WAREHOUSE,1485.0
2024/09/08,MAT-0264,CHINA-WAREHOUSE,198.0
2024/09/08,MAT-0255,SINGAPORE-WAREHOUSE,247.5
2024/09/08,MAT-0243,SINGAPORE-WAREHOUSE,222.75
2024/09/08,MAT-0363,SINGAPORE-WAREHOUSE,148.5
2024/09/08,MAT-0227,SINGAPORE-WAREHOUSE,495.0
2024/09/08,MAT-0190,CHINA-WAREHOUSE,74.25
2024/09/08,MAT-0146,CHINA-WAREHOUSE,445.5
2024/09/08,MAT-0137,CHINA-WAREHOUSE,148.5
2024/09/08,MAT-0113,SINGAPORE-WAREHOUSE,24.75
2024/09/08,MAT-0089,SINGAPORE-WAREHOUSE,148.5
2024/09/08,MAT-0071,SINGAPORE-WAREHOUSE,123.75
2024/09/08,MAT-0015,CHINA-WAREHOUSE,445.5
2024/09/08,MAT-0234,SINGAPORE-WAREHOUSE,99.0
2024/09/10,MAT-0428,CHINA-WAREHOUSE,74.25
2024/09/10,MAT-0382,CHINA-WAREHOUSE,148.5
2024/09/10,MAT-0325,CHINA-WAREHOUSE,594.0
2024/09/10,MAT-0318,CHINA-WAREHOUSE,371.25
2024/09/10,MAT-0264,CHINA-WAREHOUSE,297.0
2024/09/10,MAT-0206,CHINA-WAREHOUSE,270.0
2024/09/10,MAT-0379,CHINA-WAREHOUSE,123.75
2024/09/10,MAT-0120,CHINA-WAREHOUSE,470.25
2024/09/10,MAT-0108,CHINA-WAREHOUSE,247.5
2024/09/10,MAT-0015,CHINA-WAREHOUSE,594.0
2024/09/10,MAT-0013,CHINA-WAREHOUSE,229.5
2024/09/10,MAT-0001,CHINA-WAREHOUSE,255.0
2024/09/10,MAT-0151,CHINA-WAREHOUSE,148.5
2024/09/11,MAT-0198,CHINA-WAREHOUSE,245.825
2024/09/13,MAT-0424,SINGAPORE-WAREHOUSE,74.25
2024/09/13,MAT-0354,CHINA-WAREHOUSE,148.5
2024/09/13,MAT-0341,CHINA-WAREHOUSE,297.0
2024/09/13,MAT-0335,SINGAPORE-WAREHOUSE,1237.5
2024/09/13,MAT-0266,CHINA-WAREHOUSE,123.75
2024/09/13,MAT-0229,CHINA-WAREHOUSE,371.25
2024/09/13,MAT-0145,CHINA-WAREHOUSE,51.0
2024/09/13,MAT-0116,SINGAPORE-WAREHOUSE,74.25
2024/09/13,MAT-0099,SINGAPORE-WAREHOUSE,247.5
2024/09/13,MAT-0085,SINGAPORE-WAREHOUSE,24.75
2024/09/13,MAT-0085,CHINA-WAREHOUSE,148.5
2024/09/13,MAT-0146,CHINA-WAREHOUSE,74.25
2024/09/14,MAT-0354,CHINA-WAREHOUSE,49.5
2024/09/15,MAT-0341,CHINA-WAREHOUSE,74.25
2024/09/15,MAT-0354,CHINA-WAREHOUSE,24.75
2024/09/15,MAT-0335,SINGAPORE-WAREHOUSE,246.125
2024/09/15,MAT-0328,CHINA-WAREHOUSE,76.5
2024/09/15,MAT-0190,CHINA-WAREHOUSE,49.5
2024/09/15,MAT-0151,CHINA-WAREHOUSE,74.25
2024/09/15,MAT-0011,SINGAPORE-WAREHOUSE,49.5
2024/09/16,MAT-0190,CHINA-WAREHOUSE,148.5
2024/09/16,MAT-0341,CHINA-WAREHOUSE,148.5
2024/09/17,MAT-0332,CHINA-WAREHOUSE,800.0
2024/09/17,MAT-0109,SINGAPORE-WAREHOUSE,148.5
2024/09/17,MAT-0344,SINGAPORE-WAREHOUSE,49.5
2024/09/17,MAT-0017,CHINA-WAREHOUSE,380.0
2024/09/17,MAT-0047,CHINA-WAREHOUSE,80.0
2024/09/18,MAT-0012,SINGAPORE-WAREHOUSE,247.5
2024/09/18,MAT-0037,SINGAPORE-WAREHOUSE,247.5
2024/09/19,MAT-0012,SINGAPORE-WAREHOUSE,74.25
2024/09/19,MAT-0037,SINGAPORE-WAREHOUSE,495.0
2024/09/19,MAT-0099,SINGAPORE-WAREHOUSE,99.0
2024/09/19,MAT-0198,CHINA-WAREHOUSE,247.35
2024/09/21,MAT-0413,SINGAPORE-WAREHOUSE,99.0
2024/09/21,MAT-0428,CHINA-WAREHOUSE,99.0
2024/09/21,MAT-0379,CHINA-WAREHOUSE,99.0
2024/09/21,MAT-0146,CHINA-WAREHOUSE,148.5
2024/09/21,MAT-0144,CHINA-WAREHOUSE,561.0
2024/09/21,MAT-0085,SINGAPORE-WAREHOUSE,247.5
2024/09/21,MAT-0266,CHINA-WAREHOUSE,74.25
2024/09/22,MAT-0206,CHINA-WAREHOUSE,225.0
2024/09/22,MAT-0085,CHINA-WAREHOUSE,99.0
2024/09/22,MAT-0097,CHINA-WAREHOUSE,49.5
2024/09/22,MAT-0146,CHINA-WAREHOUSE,24.75
2024/09/22,MAT-0151,CHINA-WAREHOUSE,49.5
2024/09/22,MAT-0166,CHINA-WAREHOUSE,315.0
2024/09/22,MAT-0325,CHINA-WAREHOUSE,148.5
2024/09/22,MAT-0328,CHINA-WAREHOUSE,11.9
2024/09/22,MAT-0333,CHINA-WAREHOUSE,7.5
2024/09/23,MAT-0341,CHINA-WAREHOUSE,74.25
2024/09/23,MAT-0325,CHINA-WAREHOUSE,24.75
2024/09/23,MAT-0379,CHINA-WAREHOUSE,173.25
2024/09/23,MAT-0366,SINGAPORE-WAREHOUSE,45.0
2024/09/23,MAT-0206,CHINA-WAREHOUSE,495.0
2024/09/23,MAT-0085,CHINA-WAREHOUSE,99.0
2024/09/23,MAT-0166,CHINA-WAREHOUSE,135.0
2024/09/23,MAT-0144,CHINA-WAREHOUSE,255.0
2024/09/23,MAT-0118,CHINA-WAREHOUSE,24.75
2024/09/23,MAT-0190,CHINA-WAREHOUSE,346.475
2024/09/24,MAT-0160,CHINA-WAREHOUSE,297.0
2024/09/24,MAT-0244,SINGAPORE-WAREHOUSE,247.5
2024/09/25,MAT-0113,SINGAPORE-WAREHOUSE,5.5
2024/09/25,MAT-0160,CHINA-WAREHOUSE,247.5
2024/09/25,MAT-0239,CHINA-WAREHOUSE,49.5
2024/09/25,MAT-0255,SINGAPORE-WAREHOUSE,217.25
2024/09/26,MAT-0415,SINGAPORE-WAREHOUSE,198.0
2024/09/26,MAT-0246,CHINA-WAREHOUSE,420.75
2024/09/26,MAT-0243,SINGAPORE-WAREHOUSE,247.5
2024/09/26,MAT-0239,CHINA-WAREHOUSE,49.5
2024/09/26,MAT-0012,SINGAPORE-WAREHOUSE,247.5
2024/09/26,MAT-0007,CHINA-WAREHOUSE,140.25
2024/09/26,MAT-0198,CHINA-WAREHOUSE,247.425
2024/09/27,MAT-0017,CHINA-WAREHOUSE,20.0
2024/09/27,MAT-0037,SINGAPORE-WAREHOUSE,544.5
2024/09/27,MAT-0047,CHINA-WAREHOUSE,580.0
2024/09/27,MAT-0113,SINGAPORE-WAREHOUSE,12.375
2024/09/27,MAT-0160,CHINA-WAREHOUSE,247.5
2024/09/27,MAT-0165,SINGAPORE-WAREHOUSE,297.0
2024/09/27,MAT-0175,SINGAPORE-WAREHOUSE,12.375
2024/09/27,MAT-0327,SINGAPORE-WAREHOUSE,247.5
2024/09/28,MAT-0430,CHINA-WAREHOUSE,4.125
2024/09/28,MAT-0391,CHINA-WAREHOUSE,4.125
2024/09/28,MAT-0119,CHINA-WAREHOUSE,4.125
2024/09/28,MAT-0195,CHINA-WAREHOUSE,4.125
2024/09/28,MAT-0046,CHINA-WAREHOUSE,4.125
2024/09/29,MAT-0017,CHINA-WAREHOUSE,600.0
2024/09/29,MAT-0047,CHINA-WAREHOUSE,100.0
2024/09/29,MAT-0190,CHINA-WAREHOUSE,49.425
2024/09/29,MAT-0399,CHINA-WAREHOUSE,148.5
2024/09/30,MAT-0341,CHINA-WAREHOUSE,98.95
2024/10/01,MAT-0046,CHINA-WAREHOUSE,197.95
2024/10/01,MAT-0121,SINGAPORE-WAREHOUSE,49.5
2024/10/01,MAT-0166,CHINA-WAREHOUSE,90.0
2024/10/01,MAT-0198,CHINA-WAREHOUSE,148.175
2024/10/01,MAT-0364,SINGAPORE-WAREHOUSE,24.75
2024/10/01,MAT-0384,CHINA-WAREHOUSE,123.75
2024/10/03,MAT-0344,SINGAPORE-WAREHOUSE,49.5
2024/10/03,MAT-0210,SINGAPORE-WAREHOUSE,74.25
2024/10/03,MAT-0109,SINGAPORE-WAREHOUSE,49.5
2024/10/03,MAT-0144,CHINA-WAREHOUSE,255.0
2024/10/04,MAT-0144,CHINA-WAREHOUSE,637.5
2024/10/05,MAT-0046,SINGAPORE-WAREHOUSE,148.5
2024/10/05,MAT-0049,CHINA-WAREHOUSE,123.75
2024/10/05,MAT-0051,SINGAPORE-WAREHOUSE,247.5
2024/10/05,MAT-0087,CHINA-WAREHOUSE,24.75
2024/10/05,MAT-0144,CHINA-WAREHOUSE,510.0
2024/10/05,MAT-0166,CHINA-WAREHOUSE,90.0
2024/10/05,MAT-0247,SINGAPORE-WAREHOUSE,99.0
2024/10/05,MAT-0302,SINGAPORE-WAREHOUSE,49.5
2024/10/05,MAT-0319,CHINA-WAREHOUSE,346.5
2024/10/05,MAT-0382,CHINA-WAREHOUSE,297.0
2024/10/06,MAT-0413,SINGAPORE-WAREHOUSE,247.5
2024/10/06,MAT-0430,CHINA-WAREHOUSE,74.075
2024/10/06,MAT-0384,CHINA-WAREHOUSE,49.5
2024/10/06,MAT-0343,CHINA-WAREHOUSE,49.5
2024/10/06,MAT-0099,SINGAPORE-WAREHOUSE,148.5
2024/10/06,MAT-0049,CHINA-WAREHOUSE,148.5
2024/10/07,MAT-0382,CHINA-WAREHOUSE,148.5
2024/10/08,MAT-0424,SINGAPORE-WAREHOUSE,247.5
2024/10/08,MAT-0415,SINGAPORE-WAREHOUSE,198.0
2024/10/08,MAT-0399,CHINA-WAREHOUSE,198.0
2024/10/08,MAT-0318,CHINA-WAREHOUSE,495.0
2024/10/08,MAT-0244,SINGAPORE-WAREHOUSE,321.75
2024/10/08,MAT-0243,SINGAPORE-WAREHOUSE,247.5
2024/10/08,MAT-0207,CHINA-WAREHOUSE,148.5
2024/10/08,MAT-0363,SINGAPORE-WAREHOUSE,297.0
2024/10/08,MAT-0168,CHINA-WAREHOUSE,88.0
2024/10/08,MAT-0166,CHINA-WAREHOUSE,180.0
2024/10/08,MAT-0062,SINGAPORE-WAREHOUSE,173.25
2024/10/08,MAT-0049,CHINA-WAREHOUSE,247.5
2024/10/08,MAT-0015,CHINA-WAREHOUSE,148.5
2024/10/08,MAT-0012,SINGAPORE-WAREHOUSE,247.5
2024/10/08,MAT-0172,SINGAPORE-WAREHOUSE,742.5
2024/10/09,MAT-0356,CHINA-WAREHOUSE,74.25
2024/10/09,MAT-0332,CHINA-WAREHOUSE,500.0
2024/10/09,MAT-0255,CHINA-WAREHOUSE,74.25
2024/10/09,MAT-0244,SINGAPORE-WAREHOUSE,470.25
2024/10/09,MAT-0047,CHINA-WAREHOUSE,20.0
2024/10/09,MAT-0116,SINGAPORE-WAREHOUSE,99.0
2024/10/09,MAT-0099,SINGAPORE-WAREHOUSE,123.75
2024/10/09,MAT-0001,CHINA-WAREHOUSE,102.0
2024/10/09,MAT-0368,CHINA-WAREHOUSE,45.375
2024/10/09,MAT-0168,SINGAPORE-WAREHOUSE,24.75
2024/10/09,MAT-0413,SINGAPORE-WAREHOUSE,247.5
2024/10/10,MAT-0265,CHINA-WAREHOUSE,495.0
2024/10/10,MAT-0255,SINGAPORE-WAREHOUSE,74.25
2024/10/10,MAT-0246,CHINA-WAREHOUSE,173.25
2024/10/10,MAT-0244,SINGAPORE-WAREHOUSE,247.5
2024/10/10,MAT-0172,SINGAPORE-WAREHOUSE,420.75
2024/10/10,MAT-0013,CHINA-WAREHOUSE,178.5
2024/10/10,MAT-0229,CHINA-WAREHOUSE,49.5
2024/10/11,MAT-0013,CHINA-WAREHOUSE,51.0
2024/10/11,MAT-0015,CHINA-WAREHOUSE,99.0
2024/10/12,MAT-0087,CHINA-WAREHOUSE,5.5
2024/10/12,MAT-0142,CHINA-WAREHOUSE,51.0
2024/10/12,MAT-0244,SINGAPORE-WAREHOUSE,198.0
2024/10/12,MAT-0402,CHINA-WAREHOUSE,19.25
2024/10/13,MAT-0314,CHINA-WAREHOUSE,535.5
2024/10/13,MAT-0298,CHINA-WAREHOUSE,8.25
2024/10/13,MAT-0251,CHINA-WAREHOUSE,8.25
2024/10/13,MAT-0015,CHINA-WAREHOUSE,148.5
2024/10/13,MAT-0145,CHINA-WAREHOUSE,612.0
2024/10/13,MAT-0069,CHINA-WAREHOUSE,8.25
2024/10/13,MAT-0166,CHINA-WAREHOUSE,45.0
2024/10/15,MAT-0343,SINGAPORE-WAREHOUSE,24.75
2024/10/15,MAT-0363,SINGAPORE-WAREHOUSE,222.75
2024/10/15,MAT-0332,CHINA-WAREHOUSE,40.0
2024/10/15,MAT-0037,SINGAPORE-WAREHOUSE,198.0
2024/10/15,MAT-0171,SINGAPORE-WAREHOUSE,495.0
2024/10/15,MAT-0189,CHINA-WAREHOUSE,5.2
2024/10/16,MAT-0007,CHINA-WAREHOUSE,148.5
2024/10/16,MAT-0017,CHINA-WAREHOUSE,40.0
2024/10/16,MAT-0368,CHINA-WAREHOUSE,42.625
2024/10/16,MAT-0399,CHINA-WAREHOUSE,148.5
2024/10/16,MAT-0415,CHINA-WAREHOUSE,297.0
2024/10/17,MAT-0144,CHINA-WAREHOUSE,510.0
2024/10/17,MAT-0382,CHINA-WAREHOUSE,148.5
2024/10/18,MAT-0369,CHINA-WAREHOUSE,75.6
2024/10/18,MAT-0402,CHINA-WAREHOUSE,148.5
2024/10/18,MAT-0379,CHINA-WAREHOUSE,148.5
2024/10/18,MAT-0333,CHINA-WAREHOUSE,3.75
2024/10/18,MAT-0314,CHINA-WAREHOUSE,102.0
2024/10/18,MAT-0232,CHINA-WAREHOUSE,148.5
2024/10/18,MAT-0145,CHINA-WAREHOUSE,765.0
2024/10/18,MAT-0144,CHINA-WAREHOUSE,382.5
2024/10/18,MAT-0118,CHINA-WAREHOUSE,198.0
2024/10/18,MAT-0038,CHINA-WAREHOUSE,99.0
2024/10/19,MAT-0046,SINGAPORE-WAREHOUSE,99.0
2024/10/20,MAT-0118,CHINA-WAREHOUSE,123.75
2024/10/20,MAT-0402,CHINA-WAREHOUSE,148.5
2024/10/20,MAT-0051,SINGAPORE-WAREHOUSE,382.5
2024/10/21,MAT-0087,CHINA-WAREHOUSE,247.5
2024/10/21,MAT-0145,CHINA-WAREHOUSE,408.0
2024/10/21,MAT-0229,CHINA-WAREHOUSE,99.0
2024/10/21,MAT-0379,CHINA-WAREHOUSE,148.5
2024/10/21,MAT-0402,CHINA-WAREHOUSE,198.0
2024/10/22,MAT-0244,SINGAPORE-WAREHOUSE,24.75
2024/10/22,MAT-0399,CHINA-WAREHOUSE,99.0
2024/10/22,MAT-0344,SINGAPORE-WAREHOUSE,99.0
2024/10/22,MAT-0121,SINGAPORE-WAREHOUSE,74.25
2024/10/22,MAT-0099,SINGAPORE-WAREHOUSE,24.75
2024/10/22,MAT-0092,CHINA-WAREHOUSE,297.0
2024/10/22,MAT-0046,CHINA-WAREHOUSE,147.575
2024/10/22,MAT-0127,SINGAPORE-WAREHOUSE,49.5
2024/10/23,MAT-0051,SINGAPORE-WAREHOUSE,112.5
2024/10/23,MAT-0246,CHINA-WAREHOUSE,148.5
2024/10/23,MAT-0409,CHINA-WAREHOUSE,24.75
2024/10/25,MAT-0419,SINGAPORE-WAREHOUSE,198.0
2024/10/25,MAT-0085,SINGAPORE-WAREHOUSE,222.75
2024/10/25,MAT-0166,CHINA-WAREHOUSE,180.0
2024/10/25,MAT-0244,SINGAPORE-WAREHOUSE,49.5
2024/10/25,MAT-0363,CHINA-WAREHOUSE,49.5
2024/10/25,MAT-0364,SINGAPORE-WAREHOUSE,24.75
2024/10/25,MAT-0413,SINGAPORE-WAREHOUSE,247.5
2024/10/26,MAT-0319,CHINA-WAREHOUSE,148.5
2024/10/26,MAT-0232,CHINA-WAREHOUSE,49.5
2024/10/26,MAT-0389,CHINA-WAREHOUSE,229.5
2024/10/26,MAT-0173,SINGAPORE-WAREHOUSE,49.5
2024/10/26,MAT-0171,SINGAPORE-WAREHOUSE,247.5
2024/10/26,MAT-0172,SINGAPORE-WAREHOUSE,247.5
2024/10/26,MAT-0168,SINGAPORE-WAREHOUSE,24.75
2024/10/26,MAT-0104,SINGAPORE-WAREHOUSE,99.0
2024/10/28,MAT-0017,CHINA-WAREHOUSE,180.0
2024/10/28,MAT-0097,CHINA-WAREHOUSE,148.5
2024/10/28,MAT-0232,CHINA-WAREHOUSE,148.5
2024/10/28,MAT-0318,CHINA-WAREHOUSE,123.75
2024/10/28,MAT-0374,CHINA-WAREHOUSE,74.05
2024/10/28,MAT-0430,CHINA-WAREHOUSE,197.775
2024/10/29,MAT-0318,CHINA-WAREHOUSE,123.75
2024/10/30,MAT-0051,SINGAPORE-WAREHOUSE,22.5
2024/10/31,MAT-0402,CHINA-WAREHOUSE,198.0
2024/10/31,MAT-0327,SINGAPORE-WAREHOUSE,99.0
2024/10/31,MAT-0210,SINGAPORE-WAREHOUSE,99.0
2024/10/31,MAT-0244,SINGAPORE-WAREHOUSE,173.25
2024/10/31,MAT-0118,CHINA-WAREHOUSE,297.0
2024/10/31,MAT-0017,CHINA-WAREHOUSE,120.0
2024/10/31,MAT-0171,SINGAPORE-WAREHOUSE,420.75
2024/11/03,MAT-0021,CHINA-WAREHOUSE,49.5
2024/11/03,MAT-0366,SINGAPORE-WAREHOUSE,90.0
2024/11/04,MAT-0165,CHINA-WAREHOUSE,49.5
2024/11/05,MAT-0020,CHINA-WAREHOUSE,148.5
2024/11/05,MAT-0142,CHINA-WAREHOUSE,153.0
2024/11/05,MAT-0145,CHINA-WAREHOUSE,510.0
2024/11/05,MAT-0232,CHINA-WAREHOUSE,198.0
2024/11/05,MAT-0265,CHINA-WAREHOUSE,99.0
2024/11/05,MAT-0319,CHINA-WAREHOUSE,297.0
2024/11/05,MAT-0389,CHINA-WAREHOUSE,229.5
2024/11/05,MAT-0402,CHINA-WAREHOUSE,445.5
2024/11/06,MAT-0332,CHINA-WAREHOUSE,60.0
2024/11/06,MAT-0212,SINGAPORE-WAREHOUSE,247.5
2024/11/06,MAT-0037,SINGAPORE-WAREHOUSE,222.75
2024/11/06,MAT-0031,SINGAPORE-WAREHOUSE,123.75
2024/11/06,MAT-0156,SINGAPORE-WAREHOUSE,247.5
2024/11/08,MAT-0145,CHINA-WAREHOUSE,255.0
2024/11/08,MAT-0399,CHINA-WAREHOUSE,148.5
2024/11/09,MAT-0021,SINGAPORE-WAREHOUSE,74.25
2024/11/09,MAT-0118,CHINA-WAREHOUSE,99.0
2024/11/09,MAT-0156,SINGAPORE-WAREHOUSE,371.25
2024/11/10,MAT-0299,CHINA-WAREHOUSE,1.925
2024/11/10,MAT-0402,CHINA-WAREHOUSE,9.625
2024/11/10,MAT-0339,CHINA-WAREHOUSE,25.5
2024/11/10,MAT-0332,CHINA-WAREHOUSE,59.975
2024/11/10,MAT-0281,CHINA-WAREHOUSE,61.225
2024/11/10,MAT-0287,CHINA-WAREHOUSE,1.375
2024/11/10,MAT-0087,CHINA-WAREHOUSE,2.75
2024/11/10,MAT-0038,CHINA-WAREHOUSE,57.75
2024/11/10,MAT-0009,CHINA-WAREHOUSE,15.603
2024/11/10,MAT-0001,CHINA-WAREHOUSE,127.5
2024/11/10,MAT-0145,CHINA-WAREHOUSE,357.0
2024/11/11,MAT-0142,CHINA-WAREHOUSE,51.0
2024/11/11,MAT-0314,CHINA-WAREHOUSE,306.0
2024/11/12,MAT-0069,CHINA-WAREHOUSE,24.75
2024/11/12,MAT-0145,CHINA-WAREHOUSE,255.0
2024/11/12,MAT-0229,CHINA-WAREHOUSE,668.25
2024/11/12,MAT-0232,CHINA-WAREHOUSE,148.5
2024/11/13,MAT-0366,SINGAPORE-WAREHOUSE,22.5
2024/11/13,MAT-0256,CHINA-WAREHOUSE,99.0
2024/11/13,MAT-0413,SINGAPORE-WAREHOUSE,148.5
2024/11/14,MAT-0228,SINGAPORE-WAREHOUSE,74.25
2024/11/14,MAT-0276,CHINA-WAREHOUSE,148.5
2024/11/14,MAT-0212,SINGAPORE-WAREHOUSE,222.75
2024/11/14,MAT-0390,SINGAPORE-WAREHOUSE,445.5
2024/11/14,MAT-0363,SINGAPORE-WAREHOUSE,99.0
2024/11/14,MAT-0356,SINGAPORE-WAREHOUSE,74.25
2024/11/14,MAT-0211,SINGAPORE-WAREHOUSE,198.0
2024/11/14,MAT-0021,SINGAPORE-WAREHOUSE,74.25
2024/11/14,MAT-0165,SINGAPORE-WAREHOUSE,247.5
2024/11/14,MAT-0140,SINGAPORE-WAREHOUSE,123.75
2024/11/14,MAT-0055,CHINA-WAREHOUSE,148.5
2024/11/14,MAT-0033,CHINA-WAREHOUSE,198.0
2024/11/14,MAT-0031,SINGAPORE-WAREHOUSE,247.5
2024/11/14,MAT-0012,SINGAPORE-WAREHOUSE,247.5
2024/11/14,MAT-0172,SINGAPORE-WAREHOUSE,247.5
2024/11/15,MAT-0142,CHINA-WAREHOUSE,255.0
2024/11/15,MAT-0178,CHINA-WAREHOUSE,102.0
2024/11/15,MAT-0232,CHINA-WAREHOUSE,148.5
2024/11/15,MAT-0325,CHINA-WAREHOUSE,99.0
2024/11/16,MAT-0281,CHINA-WAREHOUSE,225.0
2024/11/16,MAT-0264,CHINA-WAREHOUSE,297.0
2024/11/16,MAT-0232,CHINA-WAREHOUSE,594.0
2024/11/16,MAT-0118,CHINA-WAREHOUSE,148.5
2024/11/16,MAT-0001,CHINA-WAREHOUSE,255.0
2024/11/16,MAT-0146,CHINA-WAREHOUSE,148.5
2024/11/18,MAT-0007,CHINA-WAREHOUSE,148.5
2024/11/18,MAT-0033,CHINA-WAREHOUSE,594.0
2024/11/18,MAT-0134,CHINA-WAREHOUSE,148.5
2024/11/18,MAT-0180,CHINA-WAREHOUSE,173.25
2024/11/18,MAT-0334,CHINA-WAREHOUSE,24.75
2024/11/18,MAT-0356,CHINA-WAREHOUSE,99.0
2024/11/18,MAT-0415,CHINA-WAREHOUSE,495.0
2024/11/19,MAT-0318,CHINA-WAREHOUSE,148.5
2024/11/19,MAT-0414,CHINA-WAREHOUSE,64.8
2024/11/19,MAT-0384,CHINA-WAREHOUSE,49.5
2024/11/19,MAT-0332,CHINA-WAREHOUSE,98.575
2024/11/19,MAT-0325,CHINA-WAREHOUSE,297.0
2024/11/19,MAT-0313,CHINA-WAREHOUSE,51.0
2024/11/19,MAT-0266,CHINA-WAREHOUSE,49.5
2024/11/19,MAT-0264,CHINA-WAREHOUSE,495.0
2024/11/19,MAT-0197,CHINA-WAREHOUSE,153.0
2024/11/19,MAT-0087,CHINA-WAREHOUSE,297.0
2024/11/19,MAT-0013,CHINA-WAREHOUSE,153.0
2024/11/19,MAT-0009,CHINA-WAREHOUSE,14.935
2024/11/20,MAT-0001,CHINA-WAREHOUSE,765.0
2024/11/22,MAT-0001,CHINA-WAREHOUSE,255.0
2024/11/22,MAT-0146,CHINA-WAREHOUSE,148.5
2024/11/24,MAT-0399,CHINA-WAREHOUSE,148.5
2024/11/24,MAT-0319,CHINA-WAREHOUSE,445.5
2024/11/24,MAT-0265,CHINA-WAREHOUSE,148.5
2024/11/24,MAT-0233,CHINA-WAREHOUSE,229.5
2024/11/24,MAT-0239,CHINA-WAREHOUSE,148.5
2024/11/24,MAT-0145,CHINA-WAREHOUSE,280.5
2024/11/24,MAT-0144,CHINA-WAREHOUSE,306.0
2024/11/24,MAT-0118,CHINA-WAREHOUSE,99.0
2024/11/24,MAT-0167,CHINA-WAREHOUSE,99.0
2024/11/25,MAT-0247,SINGAPORE-WAREHOUSE,495.0
2024/11/26,MAT-0013,CHINA-WAREHOUSE,1.5
2024/11/26,MAT-0319,CHINA-WAREHOUSE,420.75
2024/11/26,MAT-0389,CHINA-WAREHOUSE,22.5
2024/11/26,MAT-0429,CHINA-WAREHOUSE,1.45
2024/11/27,MAT-0265,CHINA-WAREHOUSE,198.0
2024/11/28,MAT-0120,CHINA-WAREHOUSE,99.0
2024/11/29,MAT-0265,CHINA-WAREHOUSE,123.75
2024/12/01,MAT-0319,CHINA-WAREHOUSE,297.0
2024/12/01,MAT-0389,CHINA-WAREHOUSE,255.0
2024/12/01,MAT-0317,CHINA-WAREHOUSE,99.0
2024/12/01,MAT-0363,CHINA-WAREHOUSE,123.75
2024/12/01,MAT-0236,CHINA-WAREHOUSE,49.5
2024/12/01,MAT-0153,CHINA-WAREHOUSE,148.5
2024/12/01,MAT-0147,CHINA-WAREHOUSE,102.0
2024/12/01,MAT-0268,CHINA-WAREHOUSE,484.5
2024/12/02,MAT-0120,CHINA-WAREHOUSE,99.0
2024/12/02,MAT-0302,SINGAPORE-WAREHOUSE,99.0
2024/12/02,MAT-0319,CHINA-WAREHOUSE,297.0
2024/12/03,MAT-0389,CHINA-WAREHOUSE,255.0
2024/12/03,MAT-0363,CHINA-WAREHOUSE,49.5
2024/12/03,MAT-0319,CHINA-WAREHOUSE,148.5
2024/12/03,MAT-0268,CHINA-WAREHOUSE,76.5
2024/12/03,MAT-0144,CHINA-WAREHOUSE,229.5
2024/12/03,MAT-0145,CHINA-WAREHOUSE,1938.0
2024/12/03,MAT-0120,CHINA-WAREHOUSE,297.0
2024/12/03,MAT-0265,CHINA-WAREHOUSE,99.0
2024/12/04,MAT-0190,CHINA-WAREHOUSE,148.5
2024/12/07,MAT-0389,CHINA-WAREHOUSE,255.0
2024/12/07,MAT-0206,CHINA-WAREHOUSE,112.5
2024/12/07,MAT-0145,CHINA-WAREHOUSE,255.0
2024/12/08,MAT-0032,CHINA-WAREHOUSE,153.0
2024/12/08,MAT-0097,CHINA-WAREHOUSE,445.5
2024/12/08,MAT-0265,CHINA-WAREHOUSE,297.0
2024/12/08,MAT-0323,CHINA-WAREHOUSE,127.5
2024/12/08,MAT-0370,CHINA-WAREHOUSE,23.825
2024/12/08,MAT-0428,CHINA-WAREHOUSE,24.75
2024/12/10,MAT-0428,CHINA-WAREHOUSE,297.0
2024/12/10,MAT-0375,CHINA-WAREHOUSE,51.0
2024/12/10,MAT-0318,CHINA-WAREHOUSE,148.5
2024/12/10,MAT-0144,CHINA-WAREHOUSE,255.0
2024/12/10,MAT-0097,CHINA-WAREHOUSE,148.5
2024/12/10,MAT-0265,CHINA-WAREHOUSE,99.0
2024/12/11,MAT-0366,SINGAPORE-WAREHOUSE,22.5
2024/12/11,MAT-0389,CHINA-WAREHOUSE,127.5
2024/12/11,MAT-0428,CHINA-WAREHOUSE,74.25
2024/12/11,MAT-0240,CHINA-WAREHOUSE,13.5
2024/12/11,MAT-0108,CHINA-WAREHOUSE,99.0
2024/12/11,MAT-0158,CHINA-WAREHOUSE,229.5
2024/12/11,MAT-0120,CHINA-WAREHOUSE,247.5
2024/12/11,MAT-0013,CHINA-WAREHOUSE,51.0
2024/12/11,MAT-0217,CHINA-WAREHOUSE,12.0
2024/12/14,MAT-0265,CHINA-WAREHOUSE,99.0
2024/12/14,MAT-0206,CHINA-WAREHOUSE,45.0
2024/12/14,MAT-0220,CHINA-WAREHOUSE,123.75
2024/12/14,MAT-0118,CHINA-WAREHOUSE,148.5
2024/12/14,MAT-0108,CHINA-WAREHOUSE,74.25
2024/12/14,MAT-0178,CHINA-WAREHOUSE,25.5
2024/12/15,MAT-0265,CHINA-WAREHOUSE,99.0
2024/12/17,MAT-0097,CHINA-WAREHOUSE,148.5
2024/12/18,MAT-0236,CHINA-WAREHOUSE,49.5
2024/12/18,MAT-0342,CHINA-WAREHOUSE,148.5
2024/12/18,MAT-0325,CHINA-WAREHOUSE,99.0
2024/12/18,MAT-0402,CHINA-WAREHOUSE,99.0
2024/12/18,MAT-0314,CHINA-WAREHOUSE,255.0
2024/12/18,MAT-0147,CHINA-WAREHOUSE,153.0
2024/12/18,MAT-0120,CHINA-WAREHOUSE,99.0
2024/12/18,MAT-0143,CHINA-WAREHOUSE,76.5
2024/12/18,MAT-0142,CHINA-WAREHOUSE,535.5
2024/12/18,MAT-0118,CHINA-WAREHOUSE,148.5
2024/12/18,MAT-0084,CHINA-WAREHOUSE,99.0
2024/12/18,MAT-0145,CHINA-WAREHOUSE,739.5
2024/12/20,MAT-0247,SINGAPORE-WAREHOUSE,247.5
2024/12/20,MAT-0302,SINGAPORE-WAREHOUSE,148.5
2024/12/20,MAT-0366,SINGAPORE-WAREHOUSE,22.5
2024/12/22,MAT-0339,CHINA-WAREHOUSE,25.5
2024/12/24,MAT-0118,CHINA-WAREHOUSE,247.5
2024/12/24,MAT-0232,CHINA-WAREHOUSE,99.0
2024/12/24,MAT-0042,CHINA-WAREHOUSE,99.0
2024/12/24,MAT-0265,CHINA-WAREHOUSE,148.5
